count;;0;1;2;3;4;5;6;7;8;9;10;11;12;13;14;15;16;17;18;19;20;21;22;23;24;25;26;27;28;29;30;31;32;33;34;35;36;37;38;39;40;41;42;43;44;45;46;47;48;49;50;51;52;53;54;55;56;57;58;59;60;61;62;63;64;65;66;67;68;69;70;71;72;73;74;75;76;77;78;79;80;81;82;83;84;85;86;87;88;89;90;91;92;93;94;95;96;97;98;99
type;;actual;actual;actual;actual;actual;actual;actual;actual;actual;actual;actual;actual;actual;actual;actual;actual;actual;actual;actual;actual;actual;actual;actual;actual;actual;actual;actual;actual;actual;actual;actual;actual;actual;actual;actual;actual;actual;actual;actual;actual;actual;actual;actual;actual;actual;actual;actual;actual;actual;actual;actual;actual;actual;actual;actual;actual;actual;actual;actual;actual;actual;actual;actual;actual;actual;predicted;predicted;predicted;predicted;predicted;predicted;predicted;predicted;predicted;predicted;predicted;predicted;predicted;predicted;predicted;predicted;predicted;predicted;predicted;predicted;predicted;predicted;predicted;predicted;predicted;predicted;predicted;predicted;predicted;predicted;predicted;predicted;predicted;predicted;predicted
act1;act2;01.01.00;01.01.01;01.01.02;01.01.03;01.01.04;01.01.05;01.01.06;01.01.07;01.01.08;01.01.09;01.01.10;01.01.11;01.01.12;01.01.13;01.01.14;01.01.15;01.01.16;01.01.17;01.01.18;01.01.19;01.01.20;01.01.21;01.01.22;01.01.23;01.01.24;01.01.25;01.01.26;01.01.27;01.01.28;01.01.29;01.01.30;01.01.31;01.01.32;01.01.33;01.01.34;01.01.35;01.01.36;01.01.37;01.01.38;01.01.39;01.01.40;01.01.41;01.01.42;01.01.43;01.01.44;01.01.45;01.01.46;01.01.47;01.01.48;01.01.49;01.01.50;01.01.51;01.01.52;01.01.53;01.01.54;01.01.55;01.01.56;01.01.57;01.01.58;01.01.59;01.01.60;01.01.61;01.01.62;01.01.63;01.01.64;01.01.65;01.01.66;01.01.67;01.01.68;01.01.69;01.01.70;01.01.71;01.01.72;01.01.73;01.01.74;01.01.75;01.01.76;01.01.77;01.01.78;01.01.79;01.01.80;01.01.81;01.01.82;01.01.83;01.01.84;01.01.85;01.01.86;01.01.87;01.01.88;01.01.89;01.01.90;01.01.91;01.01.92;01.01.93;01.01.94;01.01.95;01.01.96;01.01.97;01.01.98;01.01.99
ER Registration;ER Registration;0;0;0;0;0;0;0;0;0;0;0;0;0;0;0;0;0;0;0;0;0;0;0;0;0;0;0;0;0;0;0;0;0;0;0;0;0;0;0;0;0;0;0;0;0;0;0;0;0;0;0;0;0;0;0;0;0;0;0;0;0;0;0;0;0;0;0;0;0;0;0;0;0;0;0;0;0;0;0;0;0;0;0;0;0;0;0;0;0;0;0;0;0;0;0;0;0;0;0;0
ER Registration;Leucocytes;1;1;1;1;1;1;1;1;1;1;1;6;1;1;1;1;1;1;1;1;1;1;1;11;1;6;6;6;6;1;1;1;1;6;1;1;6;1;1;6;6;1;1;1;1;1;6;1;6;6;6;1;1;1;1;1;1;1;1;6;6;1;1;6;1;6;1;1;1;1;1;1;1;6;1;1;6;1;1;1;1;1;1;1;1;1;1;1;1;1;1;1;1;1;1;1;1;1;1;1
ER Registration;CRP;1;1;1;1;1;1;6;1;1;1;1;6;6;1;1;1;1;6;1;1;1;11;1;1;1;1;6;1;1;1;1;1;1;6;6;1;1;1;1;1;1;1;1;1;1;1;1;6;1;6;1;6;1;1;1;1;1;1;1;1;1;1;1;1;1;1;1;1;1;1;1;1;6;1;6;1;1;1;1;1;1;1;1;1;1;1;1;1;1;1;1;1;1;1;1;1;1;1;1;1
ER Registration;LacticAcid;1;1;1;1;1;1;1;1;1;1;1;1;1;1;1;1;1;1;1;1;1;1;1;6;1;1;1;1;1;1;6;11;1;1;1;1;1;1;6;6;1;1;1;11;1;1;1;1;1;1;1;1;1;6;1;1;1;1;1;1;1;1;1;6;1;1;1;1;1;1;1;1;1;1;1;1;1;1;1;1;1;1;1;1;1;1;1;1;1;1;1;1;1;1;1;1;1;1;1;1
ER Registration;ER Triage;2;5;5;5;5;3;4;5;5;4;6;2;4;3;4;6;5;8;8;9;8;9;6;4;7;7;9;5;7;5;11;9;9;7;9;7;8;6;6;6;7;6;4;5;5;7;7;7;6;5;8;7;6;7;8;7;2;8;11;9;5;8;9;6;7;5;7;7;5;5;5;5;3;3;4;5;3;5;4;4;3;3;2;1;1;1;1;1;1;1;1;1;1;1;1;1;1;1;1;1
ER Registration;ER Sepsis Triage;1;1;1;1;1;6;1;1;1;1;1;1;1;1;1;1;1;1;1;11;1;1;1;1;1;1;6;6;1;6;1;1;1;1;1;1;1;1;1;1;1;1;1;1;6;1;1;1;1;1;1;6;6;1;1;1;1;1;1;1;1;1;6;1;1;1;1;1;1;1;1;1;1;1;1;6;1;1;1;1;1;1;1;1;1;1;1;1;1;1;1;1;1;1;1;1;1;1;1;1
ER Registration;IV Liquid;6;1;1;1;1;1;1;1;1;1;6;1;6;1;6;1;1;6;1;1;1;1;6;1;6;6;6;1;1;1;1;11;6;1;1;1;1;1;1;1;1;1;6;1;1;1;1;6;1;6;1;1;1;6;1;1;1;1;6;6;1;1;1;1;6;1;1;1;1;1;1;6;1;1;6;1;1;1;1;1;1;1;6;1;1;1;1;1;1;1;1;1;1;1;1;1;1;1;1;1
ER Registration;IV Antibiotics;0;0;0;0;0;0;0;0;0;0;0;0;0;0;0;0;0;0;0;0;0;0;0;0;0;0;0;0;0;0;0;0;0;0;0;0;0;0;0;0;0;0;0;0;0;0;0;0;0;0;0;0;0;0;0;0;0;0;0;0;0;0;0;0;0;0;0;0;0;0;0;0;0;0;0;0;0;0;0;0;0;0;0;0;0;0;0;0;0;0;0;0;0;0;0;0;0;0;0;0
ER Registration;Admission NC;0;0;0;0;0;0;0;0;0;0;0;0;0;0;0;0;0;0;0;0;0;0;0;0;0;0;0;0;0;0;0;0;0;0;0;0;0;0;0;0;0;0;0;0;0;0;0;0;0;0;0;0;0;0;0;0;0;0;0;0;0;0;0;0;0;0;0;0;0;0;0;0;0;0;0;0;0;0;0;0;0;0;0;0;0;0;0;0;0;0;0;0;0;0;0;0;0;0;0;0
ER Registration;Release A;0;0;0;0;0;0;0;0;0;0;0;0;0;0;0;0;0;0;0;0;0;0;0;0;0;0;0;0;0;0;0;0;0;0;0;0;0;0;0;0;0;0;0;0;0;0;0;0;0;0;0;0;0;0;0;0;0;0;0;0;0;0;0;0;0;0;0;0;0;0;0;0;0;0;0;0;0;0;0;0;0;0;0;0;0;0;0;0;0;0;0;0;0;0;0;0;0;0;0;0
ER Registration;Return ER;0;0;0;0;0;0;0;0;0;0;0;0;0;0;0;0;0;0;0;0;0;0;0;0;0;0;0;0;0;0;0;0;0;0;0;0;0;0;0;0;0;0;0;0;0;0;0;0;0;0;0;0;0;0;0;0;0;0;0;0;0;0;0;0;0;0;0;0;0;0;0;0;0;0;0;0;0;0;0;0;0;0;0;0;0;0;0;0;0;0;0;0;0;0;0;0;0;0;0;0
ER Registration;Admission IC;1;1;1;1;1;1;1;1;1;1;1;1;1;1;1;1;1;1;1;1;1;1;1;1;1;1;1;1;1;1;1;1;1;1;1;1;1;1;1;1;1;1;1;1;1;1;1;1;1;1;1;1;1;1;1;1;1;1;1;1;1;1;1;1;11;1;1;1;1;1;1;1;1;1;1;1;1;1;1;1;1;1;1;1;1;1;1;1;1;1;1;1;1;1;1;1;1;1;1;1
ER Registration;Release B;0;0;0;0;0;0;0;0;0;0;0;0;0;0;0;0;0;0;0;0;0;0;0;0;0;0;0;0;0;0;0;0;0;0;0;0;0;0;0;0;0;0;0;0;0;0;0;0;0;0;0;0;0;0;0;0;0;0;0;0;0;0;0;0;0;0;0;0;0;0;0;0;0;0;0;0;0;0;0;0;0;0;0;0;0;0;0;0;0;0;0;0;0;0;0;0;0;0;0;0
ER Registration;Release C;0;0;0;0;0;0;0;0;0;0;0;0;0;0;0;0;0;0;0;0;0;0;0;0;0;0;0;0;0;0;0;0;0;0;0;0;0;0;0;0;0;0;0;0;0;0;0;0;0;0;0;0;0;0;0;0;0;0;0;0;0;0;0;0;0;0;0;0;0;0;0;0;0;0;0;0;0;0;0;0;0;0;0;0;0;0;0;0;0;0;0;0;0;0;0;0;0;0;0;0
ER Registration;Release D;0;0;0;0;0;0;0;0;0;0;0;0;0;0;0;0;0;0;0;0;0;0;0;0;0;0;0;0;0;0;0;0;0;0;0;0;0;0;0;0;0;0;0;0;0;0;0;0;0;0;0;0;0;0;0;0;0;0;0;0;0;0;0;0;0;0;0;0;0;0;0;0;0;0;0;0;0;0;0;0;0;0;0;0;0;0;0;0;0;0;0;0;0;0;0;0;0;0;0;0
ER Registration;Release E;0;0;0;0;0;0;0;0;0;0;0;0;0;0;0;0;0;0;0;0;0;0;0;0;0;0;0;0;0;0;0;0;0;0;0;0;0;0;0;0;0;0;0;0;0;0;0;0;0;0;0;0;0;0;0;0;0;0;0;0;0;0;0;0;0;0;0;0;0;0;0;0;0;0;0;0;0;0;0;0;0;0;0;0;0;0;0;0;0;0;0;0;0;0;0;0;0;0;0;0
ER Registration;start;0;0;0;0;0;0;0;0;0;0;0;0;0;0;0;0;0;0;0;0;0;0;0;0;0;0;0;0;0;0;0;0;0;0;0;0;0;0;0;0;0;0;0;0;0;0;0;0;0;0;0;0;0;0;0;0;0;0;0;0;0;0;0;0;0;0;0;0;0;0;0;0;0;0;0;0;0;0;0;0;0;0;0;0;0;0;0;0;0;0;0;0;0;0;0;0;0;0;0;0
ER Registration;end;0;0;0;0;0;0;0;0;0;0;0;0;0;0;0;0;0;0;0;0;0;0;0;0;0;0;0;0;0;0;0;0;0;0;0;0;0;0;0;0;0;0;0;0;0;0;0;0;0;0;0;0;0;0;0;0;0;0;0;0;0;0;0;0;0;0;0;0;0;0;0;0;0;0;0;0;0;0;0;0;0;0;0;0;0;0;0;0;0;0;0;0;0;0;0;0;0;0;0;0
Leucocytes;ER Registration;1;1;1;1;1;1;1;1;1;1;1;1;1;1;1;1;1;1;1;6;1;6;1;1;1;1;1;6;1;1;6;1;1;6;6;1;1;6;11;1;1;1;1;6;1;1;1;1;1;1;1;6;1;6;1;1;1;1;1;1;1;1;1;1;6;6;1;1;1;1;1;1;1;1;1;1;1;1;1;1;1;1;1;1;1;1;1;1;1;1;1;1;1;1;1;1;1;1;1;1
Leucocytes;Leucocytes;1;1;2;2;3;2;1;2;2;3;2;2;1;2;1;1;1;2;3;5;3;4;4;3;3;6;7;3;2;4;4;1;2;3;2;6;5;5;3;3;4;2;4;2;2;4;7;6;2;2;9;4;3;2;2;4;2;3;1;3;2;2;2;11;4;1;2;1;2;1;3;1;4;6;2;4;2;2;3;2;2;1;1;1;1;1;1;1;1;1;1;1;1;1;1;1;1;1;1;1
Leucocytes;CRP;2;3;4;4;3;3;3;3;4;4;5;2;4;3;3;2;3;5;6;7;8;6;6;5;4;6;11;7;6;4;7;9;5;7;5;8;6;5;5;7;7;7;5;5;5;4;8;7;6;5;9;9;5;6;5;6;3;5;5;8;3;6;8;9;8;5;5;5;4;3;5;3;3;2;4;4;5;4;5;4;3;2;1;1;1;1;1;1;1;1;1;1;1;1;1;1;1;1;1;1
Leucocytes;LacticAcid;1;4;3;3;3;3;5;4;5;4;5;3;4;1;3;4;3;4;3;8;3;4;7;3;4;7;6;4;3;7;7;4;7;4;7;5;7;4;6;7;7;11;7;1;3;4;4;1;2;6;6;10;7;9;10;4;2;4;9;5;7;6;4;5;4;3;4;7;5;4;1;3;2;4;1;3;2;2;5;3;4;1;1;1;1;1;1;1;1;1;1;1;1;1;1;1;1;1;1;1
Leucocytes;ER Triage;1;1;1;1;1;1;1;1;1;1;1;1;11;1;1;1;1;1;1;1;1;1;1;1;1;1;11;1;1;1;11;1;1;11;11;1;1;1;1;1;1;1;1;11;1;1;1;11;1;11;1;1;1;1;1;1;1;1;1;1;1;1;1;11;1;1;1;1;1;1;1;1;11;1;11;1;1;1;1;1;1;1;1;1;1;1;1;1;1;1;1;1;1;1;1;1;1;1;1;1
Leucocytes;ER Sepsis Triage;1;4;1;4;4;1;1;1;1;1;4;1;1;4;1;7;1;7;1;1;1;7;4;4;1;7;1;4;4;1;1;1;4;4;1;4;4;1;1;1;7;1;1;1;1;4;1;1;4;1;4;1;1;1;1;4;1;1;1;1;1;11;1;1;1;1;1;1;4;1;1;7;4;4;1;1;4;1;1;1;1;1;1;1;1;1;1;1;1;1;1;1;1;1;1;1;1;1;1;1
Leucocytes;IV Liquid;3;6;3;1;1;3;6;8;1;1;3;3;1;3;1;1;6;6;3;6;3;1;3;3;11;6;6;3;11;3;3;1;11;6;3;1;3;6;6;3;8;3;3;1;1;8;6;1;3;1;6;3;3;3;11;3;1;6;6;3;3;6;11;1;6;1;3;3;3;6;3;1;1;1;1;3;1;6;6;3;3;1;3;1;1;1;1;1;1;1;1;1;1;1;1;1;1;1;1;1
Leucocytes;IV Antibiotics;1;1;3;1;1;1;3;1;1;3;1;1;6;1;1;3;1;3;6;8;3;1;1;1;3;1;6;1;3;3;8;1;8;1;1;8;1;3;3;3;1;3;6;1;8;1;8;6;6;3;3;3;1;8;3;3;1;3;11;3;1;3;1;3;3;1;6;1;1;3;3;1;1;1;3;8;1;3;3;6;1;1;1;1;1;1;1;1;1;1;1;1;1;1;1;1;1;1;1;1
Leucocytes;Admission NC;1;2;1;2;2;1;1;3;2;3;6;3;3;1;5;5;1;1;5;3;11;2;3;3;6;5;3;3;3;3;5;6;2;2;8;1;3;1;5;6;5;2;1;5;1;3;5;3;2;6;3;2;5;5;3;2;2;2;5;5;1;1;3;2;2;5;2;2;2;5;2;1;3;1;1;3;1;3;1;2;1;2;2;1;1;1;1;1;1;1;1;1;1;1;1;1;1;1;1;1
Leucocytes;Release A;1;2;6;6;1;2;4;2;1;6;6;4;2;4;1;4;4;1;1;6;6;2;6;1;6;6;6;1;2;11;4;4;4;4;4;11;6;4;1;4;2;6;2;4;4;2;2;7;11;2;4;4;1;2;4;6;6;4;7;4;7;9;4;4;7;7;4;2;2;2;2;1;4;1;2;2;4;2;4;4;1;6;1;1;1;1;1;1;1;1;1;1;1;1;1;1;1;1;1;1
Leucocytes;Return ER;0;0;0;0;0;0;0;0;0;0;0;0;0;0;0;0;0;0;0;0;0;0;0;0;0;0;0;0;0;0;0;0;0;0;0;0;0;0;0;0;0;0;0;0;0;0;0;0;0;0;0;0;0;0;0;0;0;0;0;0;0;0;0;0;0;0;0;0;0;0;0;0;0;0;0;0;0;0;0;0;0;0;0;0;0;0;0;0;0;0;0;0;0;0;0;0;0;0;0;0
Leucocytes;Admission IC;1;1;1;1;1;1;6;1;1;1;1;1;6;1;1;1;1;1;6;1;1;6;1;1;1;11;1;1;6;6;11;1;1;1;1;1;6;1;1;1;1;1;1;1;1;1;11;1;6;1;6;1;1;6;1;1;1;1;1;1;1;6;1;1;1;1;1;1;1;1;1;1;1;1;1;1;6;1;1;1;1;1;1;1;1;1;1;1;1;1;1;1;1;1;1;1;1;1;1;1
Leucocytes;Release B;1;1;1;1;1;1;1;1;1;1;1;1;1;1;1;1;1;1;1;1;11;1;1;1;1;1;1;1;1;11;1;1;1;1;1;1;11;1;1;1;11;1;1;1;1;1;1;1;1;1;1;1;1;1;1;1;1;11;1;11;1;1;1;1;1;1;1;1;1;1;1;1;1;1;1;1;1;11;1;1;1;1;1;1;1;1;1;1;1;1;1;1;1;1;1;1;1;1;1;1
Leucocytes;Release C;1;1;1;1;1;1;1;1;1;1;1;1;1;1;1;1;1;1;1;1;1;1;1;1;1;1;1;1;1;1;11;1;1;1;1;1;1;1;1;1;1;1;1;1;1;1;1;1;1;1;1;1;1;1;1;1;11;1;1;1;1;1;1;1;1;1;1;11;1;1;1;1;1;1;1;1;1;1;1;1;1;1;1;1;1;1;1;1;1;1;1;1;1;1;1;1;1;1;1;1
Leucocytes;Release D;1;1;1;1;1;1;1;1;1;1;1;1;1;1;1;1;1;1;1;1;1;1;1;1;1;1;1;11;1;1;1;1;1;1;1;1;1;1;1;1;1;1;1;1;1;1;1;1;1;1;1;1;1;1;1;1;1;1;1;1;1;1;1;1;1;1;1;1;1;1;1;1;11;11;11;1;1;1;11;1;1;1;11;1;1;1;1;1;1;1;1;1;1;1;1;1;1;1;1;1
Leucocytes;Release E;0;0;0;0;0;0;0;0;0;0;0;0;0;0;0;0;0;0;0;0;0;0;0;0;0;0;0;0;0;0;0;0;0;0;0;0;0;0;0;0;0;0;0;0;0;0;0;0;0;0;0;0;0;0;0;0;0;0;0;0;0;0;0;0;0;0;0;0;0;0;0;0;0;0;0;0;0;0;0;0;0;0;0;0;0;0;0;0;0;0;0;0;0;0;0;0;0;0;0;0
Leucocytes;start;0;0;0;0;0;0;0;0;0;0;0;0;0;0;0;0;0;0;0;0;0;0;0;0;0;0;0;0;0;0;0;0;0;0;0;0;0;0;0;0;0;0;0;0;0;0;0;0;0;0;0;0;0;0;0;0;0;0;0;0;0;0;0;0;0;0;0;0;0;0;0;0;0;0;0;0;0;0;0;0;0;0;0;0;0;0;0;0;0;0;0;0;0;0;0;0;0;0;0;0
Leucocytes;end;2;3;6;4;4;6;2;3;5;4;2;2;3;5;5;4;3;4;7;10;4;7;7;9;8;10;11;4;6;2;5;6;5;6;4;4;8;4;7;6;7;6;4;3;4;8;5;7;3;4;5;10;10;5;3;5;4;8;8;8;6;3;11;5;9;8;4;7;3;3;3;5;4;1;2;5;2;4;3;2;3;3;1;1;1;1;1;1;1;1;1;1;1;1;1;1;1;1;1;1
CRP;ER Registration;1;1;1;1;1;1;1;1;1;1;1;11;1;1;11;1;1;11;1;1;1;1;1;1;1;1;1;1;1;1;1;1;1;11;1;1;1;1;11;11;1;1;1;1;1;1;1;11;1;1;1;1;1;1;11;1;1;1;11;1;11;1;1;1;11;11;1;1;1;1;1;11;1;1;1;1;1;1;1;1;1;1;11;1;1;1;1;1;1;1;1;1;1;1;1;1;1;1;1;1
CRP;Leucocytes;1;3;3;4;3;4;5;4;4;6;6;3;5;3;3;3;3;4;5;8;6;5;7;6;6;8;10;7;6;5;6;6;5;7;6;7;7;6;6;6;8;8;4;4;3;6;5;6;5;7;7;11;7;5;6;5;4;5;6;6;4;7;8;7;7;5;4;7;3;4;6;2;5;3;3;5;3;4;6;4;2;2;2;1;1;1;1;1;1;1;1;1;1;1;1;1;1;1;1;1
CRP;CRP;1;1;2;3;1;2;1;2;5;4;6;2;2;1;2;1;1;2;2;4;4;6;2;3;4;5;8;4;6;8;1;2;2;3;1;6;3;6;5;6;5;5;3;1;3;5;5;5;2;6;3;8;2;5;4;6;4;5;5;3;2;4;11;5;8;1;4;2;4;3;2;2;1;1;3;3;3;2;2;4;3;2;1;3;1;1;1;1;1;1;1;1;1;1;1;1;1;1;1;1
CRP;LacticAcid;2;6;7;2;2;2;4;6;3;4;1;2;5;4;2;3;2;4;6;9;7;5;4;2;5;10;7;2;7;4;10;7;10;7;8;9;7;4;6;8;6;4;9;3;4;5;11;2;6;5;8;7;4;10;8;8;4;9;8;7;4;8;9;7;6;2;6;6;5;4;2;3;4;1;2;3;4;5;7;4;4;2;1;1;1;1;1;1;1;1;1;1;1;1;1;1;1;1;1;1
CRP;ER Triage;1;1;1;1;1;1;1;1;1;1;1;1;1;1;1;1;1;1;1;1;1;1;1;6;1;1;1;6;1;1;1;11;1;1;1;1;6;1;6;11;6;6;1;6;1;1;1;1;1;1;6;1;1;6;1;1;1;1;1;1;1;1;1;1;1;6;1;1;1;1;1;1;1;6;1;1;6;1;1;1;1;1;1;1;1;1;1;1;1;1;1;1;1;1;1;1;1;1;1;1
CRP;ER Sepsis Triage;1;1;1;1;1;1;1;1;1;1;6;1;1;1;1;6;1;6;6;1;1;6;1;6;11;1;11;6;1;1;1;6;11;6;1;1;1;1;1;6;6;1;1;11;1;6;1;6;1;6;6;1;6;6;1;6;1;1;6;1;1;1;11;6;11;1;1;1;6;1;1;1;1;6;1;1;1;6;1;1;1;1;1;1;1;1;1;1;1;1;1;1;1;1;1;1;1;1;1;1
CRP;IV Liquid;4;2;1;1;2;1;1;1;2;2;2;4;1;1;1;4;2;1;2;2;4;4;1;6;4;2;11;1;4;1;4;6;1;4;4;1;4;6;1;2;2;7;1;2;6;2;4;7;2;4;4;6;1;1;7;6;1;2;11;4;4;1;2;4;4;4;1;1;1;2;2;4;1;4;2;1;1;1;4;1;2;1;1;1;1;1;1;1;1;1;1;1;1;1;1;1;1;1;1;1
CRP;IV Antibiotics;1;2;2;4;1;1;2;4;2;1;4;2;1;1;6;1;1;2;1;4;1;2;4;1;1;1;2;2;2;2;4;11;4;2;1;2;2;2;1;2;6;2;4;1;1;2;1;4;2;2;1;4;4;4;1;2;2;4;4;1;2;2;2;6;4;1;1;4;2;1;4;7;1;2;1;1;1;2;1;1;1;1;1;1;1;1;1;1;1;1;1;1;1;1;1;1;1;1;1;1
CRP;Admission NC;1;2;3;3;4;1;3;1;2;3;3;3;3;2;2;2;2;4;4;7;7;4;11;2;2;3;7;3;4;2;3;2;4;1;3;3;3;2;1;6;3;2;3;4;4;4;4;6;3;2;7;4;2;3;3;6;2;6;1;9;3;4;6;7;3;3;2;3;3;3;1;2;2;2;6;3;2;1;2;2;3;3;1;1;1;1;1;1;1;1;1;1;1;1;1;1;1;1;1;1
CRP;Release A;1;2;2;2;3;3;2;3;2;2;6;2;3;4;2;1;3;8;8;1;7;4;4;3;2;2;4;9;4;7;2;11;6;8;4;6;4;6;2;4;6;7;4;4;7;1;3;4;7;2;4;7;3;8;1;2;3;2;7;7;7;2;7;4;9;6;3;6;2;8;4;1;3;3;2;3;4;1;4;3;3;2;2;1;2;1;1;1;1;1;1;1;1;1;1;1;1;1;1;1
CRP;Return ER;0;0;0;0;0;0;0;0;0;0;0;0;0;0;0;0;0;0;0;0;0;0;0;0;0;0;0;0;0;0;0;0;0;0;0;0;0;0;0;0;0;0;0;0;0;0;0;0;0;0;0;0;0;0;0;0;0;0;0;0;0;0;0;0;0;0;0;0;0;0;0;0;0;0;0;0;0;0;0;0;0;0;0;0;0;0;0;0;0;0;0;0;0;0;0;0;0;0;0;0
CRP;Admission IC;1;1;1;1;1;1;1;1;1;1;1;1;6;1;6;1;1;1;1;1;1;11;1;1;1;6;1;1;1;11;6;1;1;1;6;1;1;1;1;1;1;1;1;1;1;1;1;1;1;6;6;1;1;1;6;1;1;1;1;1;1;6;1;6;1;1;1;1;1;1;1;1;1;1;1;1;1;1;6;1;1;1;1;1;1;1;1;1;1;1;1;1;1;1;1;1;1;1;1;1
CRP;Release B;1;1;1;1;6;6;1;1;1;1;1;11;1;1;1;1;1;1;1;1;1;6;6;1;1;6;1;1;1;1;6;1;1;1;1;1;1;1;1;1;1;1;1;1;1;1;1;1;1;1;1;1;1;11;1;1;1;1;1;1;1;6;1;6;1;1;1;1;1;1;1;1;1;1;1;1;1;1;1;1;1;1;1;1;1;1;1;1;1;1;1;1;1;1;1;1;1;1;1;1
CRP;Release C;1;1;1;1;1;1;1;1;1;1;1;1;1;1;1;1;1;1;1;1;1;1;6;1;1;1;6;1;1;1;1;1;1;1;1;1;1;6;1;1;1;1;6;1;1;1;6;1;1;1;1;1;11;1;1;1;1;1;1;1;1;1;1;1;1;1;1;1;1;1;1;1;1;1;1;1;1;1;1;1;1;1;1;1;1;1;1;1;1;1;1;1;1;1;1;1;1;1;1;1
CRP;Release D;1;1;1;1;1;1;1;1;1;11;1;1;1;1;1;1;1;11;1;1;1;1;1;1;1;1;1;1;1;1;1;1;1;1;1;1;1;11;1;1;11;1;1;1;1;1;1;1;1;11;1;1;1;1;1;1;1;1;1;1;1;1;1;11;1;1;1;1;1;1;1;11;1;1;1;1;1;1;1;1;1;1;1;1;1;1;1;1;1;1;1;1;1;1;1;1;1;1;1;1
CRP;Release E;1;1;1;1;1;1;1;1;1;1;1;1;1;1;1;11;1;1;1;1;1;1;1;1;1;1;1;1;1;1;1;1;1;1;1;1;1;1;1;1;1;11;1;1;1;1;1;1;1;1;1;1;1;1;1;1;1;1;1;1;1;1;1;1;1;1;1;1;11;1;1;1;1;1;1;1;1;1;1;1;1;1;1;1;1;1;1;1;1;1;1;1;1;1;1;1;1;1;1;1
CRP;start;0;0;0;0;0;0;0;0;0;0;0;0;0;0;0;0;0;0;0;0;0;0;0;0;0;0;0;0;0;0;0;0;0;0;0;0;0;0;0;0;0;0;0;0;0;0;0;0;0;0;0;0;0;0;0;0;0;0;0;0;0;0;0;0;0;0;0;0;0;0;0;0;0;0;0;0;0;0;0;0;0;0;0;0;0;0;0;0;0;0;0;0;0;0;0;0;0;0;0;0
CRP;end;1;1;3;4;2;1;4;2;4;3;5;3;4;2;1;4;4;4;6;7;7;7;4;3;2;3;7;11;7;4;7;6;4;4;4;8;5;1;5;7;7;4;3;4;1;2;7;7;7;4;8;7;5;3;6;9;3;3;4;7;1;4;4;4;4;3;7;3;3;1;4;3;4;2;4;4;4;4;6;5;1;1;2;1;1;1;1;1;1;1;1;1;1;1;1;1;1;1;1;1
LacticAcid;ER Registration;1;1;1;1;1;1;1;1;1;1;1;1;1;1;1;1;1;1;1;1;1;1;1;1;1;1;1;1;1;1;1;1;1;1;1;11;1;1;1;1;1;1;1;1;1;1;1;1;1;1;1;1;1;1;1;1;1;1;1;1;1;1;1;1;1;1;1;1;1;1;1;1;1;1;1;1;1;1;1;1;1;1;1;1;1;1;1;1;1;1;1;1;1;1;1;1;1;1;1;1
LacticAcid;Leucocytes;2;5;5;2;3;1;3;3;3;3;2;2;3;2;1;4;2;3;5;6;5;5;5;3;3;6;8;1;5;4;11;8;8;5;4;8;4;5;5;11;6;5;8;2;2;3;9;5;5;4;5;8;4;9;8;8;2;7;6;3;5;6;8;5;8;1;4;5;5;3;3;5;2;2;2;3;2;3;3;3;3;2;1;1;1;1;1;1;1;1;1;1;1;1;1;1;1;1;1;1
LacticAcid;CRP;1;2;3;2;2;2;3;5;2;2;4;3;3;2;3;2;1;5;3;7;5;1;5;2;7;5;7;3;5;5;5;5;8;3;4;4;4;5;4;5;11;9;5;1;3;5;3;1;3;5;7;8;6;7;6;5;3;4;7;5;5;5;5;6;4;3;3;3;3;4;1;3;2;4;1;2;2;2;6;3;2;1;1;1;1;1;1;1;1;1;1;1;1;1;1;1;1;1;1;1
LacticAcid;LacticAcid;1;2;1;1;1;1;1;1;2;1;1;1;3;1;1;1;1;1;3;8;3;1;3;1;1;2;2;2;1;2;3;3;2;2;1;2;3;2;2;2;6;2;2;2;1;5;3;1;1;3;2;3;2;3;3;2;2;1;1;1;11;2;2;1;2;1;1;5;3;2;1;1;1;2;1;1;1;1;2;2;2;1;1;1;1;1;1;1;1;1;1;1;1;1;1;1;1;1;1;1
LacticAcid;ER Triage;1;1;1;1;1;1;1;1;1;1;1;11;1;1;1;1;1;6;1;1;1;11;1;6;1;6;6;1;1;1;1;1;1;1;1;1;1;1;1;1;1;1;1;1;1;1;6;1;1;6;1;6;1;1;1;1;1;1;1;6;6;1;1;6;1;1;1;1;1;1;1;1;1;1;1;1;1;1;1;1;1;1;1;1;1;1;1;1;1;1;1;1;1;1;1;1;1;1;1;1
LacticAcid;ER Sepsis Triage;6;6;1;1;6;6;1;1;6;6;11;1;1;6;1;1;1;1;1;1;6;11;1;1;1;6;6;1;6;6;11;1;1;11;6;6;6;1;1;1;1;1;6;6;1;1;1;1;6;11;1;1;1;1;11;1;6;11;6;1;1;11;1;1;1;1;1;6;6;11;1;1;6;1;1;6;1;1;1;1;1;1;1;1;1;1;1;1;1;1;1;1;1;1;1;1;1;1;1;1
LacticAcid;IV Liquid;1;6;2;4;2;2;2;1;1;2;1;1;2;2;1;1;2;1;4;6;2;2;2;6;4;6;2;4;2;1;6;7;2;6;7;7;9;4;2;1;4;1;2;6;2;6;4;2;2;2;1;6;2;4;6;4;2;1;1;7;1;2;7;2;2;1;11;4;2;2;4;2;4;1;2;1;2;6;2;1;4;1;1;1;1;1;1;1;1;1;1;1;1;1;1;1;1;1;1;1
LacticAcid;IV Antibiotics;1;3;1;1;3;6;8;3;8;3;3;1;3;3;3;1;6;6;6;8;6;8;8;1;1;1;1;1;3;1;1;3;6;3;11;1;3;1;6;1;1;3;1;3;6;3;6;3;1;1;11;3;3;3;1;1;1;6;6;6;3;6;6;3;1;11;3;1;1;1;1;3;1;1;6;3;3;1;3;3;6;3;1;1;1;1;1;1;1;1;1;1;1;1;1;1;1;1;1;1
LacticAcid;Admission NC;3;3;6;3;3;6;6;1;3;3;1;1;8;3;3;3;6;3;3;11;3;1;3;1;6;6;8;3;3;1;11;3;6;1;8;1;8;1;1;6;6;6;3;3;3;1;6;1;3;1;6;3;1;11;6;3;1;8;8;3;6;6;6;6;3;1;6;6;1;1;3;3;3;1;1;1;3;3;3;1;1;1;3;1;1;1;1;1;1;1;1;1;1;1;1;1;1;1;1;1
LacticAcid;Release A;1;1;1;1;1;1;1;1;1;1;1;1;1;1;1;1;1;1;1;1;1;1;1;1;1;1;1;1;1;1;1;1;1;1;1;1;1;1;1;1;1;1;1;1;1;1;1;1;1;1;1;11;1;1;1;1;1;1;11;1;1;1;1;1;1;1;1;1;1;1;1;1;1;1;1;1;1;1;1;1;1;1;1;1;1;1;1;1;1;1;1;1;1;1;1;1;1;1;1;1
LacticAcid;Return ER;0;0;0;0;0;0;0;0;0;0;0;0;0;0;0;0;0;0;0;0;0;0;0;0;0;0;0;0;0;0;0;0;0;0;0;0;0;0;0;0;0;0;0;0;0;0;0;0;0;0;0;0;0;0;0;0;0;0;0;0;0;0;0;0;0;0;0;0;0;0;0;0;0;0;0;0;0;0;0;0;0;0;0;0;0;0;0;0;0;0;0;0;0;0;0;0;0;0;0;0
LacticAcid;Admission IC;1;1;11;1;1;1;1;11;1;11;1;1;1;1;1;11;1;1;1;1;1;1;1;1;1;1;1;1;1;11;1;1;1;1;1;1;1;1;11;1;1;1;1;1;11;1;1;1;1;1;1;1;1;1;11;1;1;1;1;1;11;1;1;1;1;1;1;1;1;1;1;1;1;1;1;11;1;1;1;1;1;1;1;1;1;1;1;1;1;1;1;1;1;1;1;1;1;1;1;1
LacticAcid;Release B;1;11;1;1;1;1;1;1;1;1;1;1;1;1;1;1;1;1;1;1;1;1;1;1;1;1;1;1;1;11;1;1;1;1;1;1;1;1;1;1;1;1;1;1;1;1;1;1;1;1;1;1;1;1;1;1;1;1;1;1;11;1;1;1;1;1;1;1;1;1;1;1;1;1;1;1;1;1;1;1;11;1;1;1;1;1;1;1;1;1;1;1;1;1;1;1;1;1;1;1
LacticAcid;Release C;0;0;0;0;0;0;0;0;0;0;0;0;0;0;0;0;0;0;0;0;0;0;0;0;0;0;0;0;0;0;0;0;0;0;0;0;0;0;0;0;0;0;0;0;0;0;0;0;0;0;0;0;0;0;0;0;0;0;0;0;0;0;0;0;0;0;0;0;0;0;0;0;0;0;0;0;0;0;0;0;0;0;0;0;0;0;0;0;0;0;0;0;0;0;0;0;0;0;0;0
LacticAcid;Release D;0;0;0;0;0;0;0;0;0;0;0;0;0;0;0;0;0;0;0;0;0;0;0;0;0;0;0;0;0;0;0;0;0;0;0;0;0;0;0;0;0;0;0;0;0;0;0;0;0;0;0;0;0;0;0;0;0;0;0;0;0;0;0;0;0;0;0;0;0;0;0;0;0;0;0;0;0;0;0;0;0;0;0;0;0;0;0;0;0;0;0;0;0;0;0;0;0;0;0;0
LacticAcid;Release E;1;1;1;1;1;1;1;1;1;1;1;1;1;1;1;1;1;1;1;1;1;1;1;1;1;1;1;1;1;1;1;1;1;1;1;1;1;1;1;1;1;1;1;1;1;1;1;1;1;1;1;1;1;1;1;1;1;1;1;1;1;1;1;1;1;1;1;1;1;1;1;1;1;11;1;1;1;1;1;1;1;1;1;1;1;1;1;1;1;1;1;1;1;1;1;1;1;1;1;1
LacticAcid;start;0;0;0;0;0;0;0;0;0;0;0;0;0;0;0;0;0;0;0;0;0;0;0;0;0;0;0;0;0;0;0;0;0;0;0;0;0;0;0;0;0;0;0;0;0;0;0;0;0;0;0;0;0;0;0;0;0;0;0;0;0;0;0;0;0;0;0;0;0;0;0;0;0;0;0;0;0;0;0;0;0;0;0;0;0;0;0;0;0;0;0;0;0;0;0;0;0;0;0;0
LacticAcid;end;1;1;3;1;1;1;1;6;1;1;3;1;1;1;1;3;1;1;1;3;1;1;1;3;1;3;3;1;1;3;1;3;6;6;6;1;1;6;3;1;1;6;6;1;3;1;1;3;1;3;6;3;3;1;11;1;3;6;3;3;1;6;6;6;3;1;1;11;1;3;1;1;1;1;1;1;3;1;3;6;1;3;1;1;1;1;1;1;1;1;1;1;1;1;1;1;1;1;1;1
ER Triage;ER Registration;1;1;1;1;1;11;1;1;1;1;1;1;1;1;1;1;1;1;1;1;1;1;1;1;1;1;11;1;11;1;1;1;1;1;1;1;1;1;1;1;1;1;1;1;1;1;1;1;11;1;1;1;11;1;1;1;1;1;1;1;1;1;1;1;1;1;1;1;1;1;1;1;1;1;1;1;1;1;1;1;1;1;1;1;1;1;1;1;1;1;1;1;1;1;1;1;1;1;1;1
ER Triage;Leucocytes;4;4;1;1;1;1;1;1;1;1;4;1;1;1;1;1;1;4;1;7;4;4;1;1;7;4;7;7;1;7;7;4;7;7;1;4;1;1;1;1;1;1;1;11;1;4;1;4;1;4;4;1;4;1;7;4;1;7;7;1;1;7;1;1;7;1;1;4;11;4;1;1;1;1;4;4;1;4;1;1;1;1;1;1;1;1;1;1;1;1;1;1;1;1;1;1;1;1;1;1
ER Triage;CRP;1;4;1;7;4;1;1;1;4;4;7;1;1;1;1;7;1;4;1;4;1;11;4;4;1;4;1;4;4;4;1;1;4;4;4;4;4;1;1;1;7;4;4;1;1;1;1;1;4;4;1;1;4;1;4;4;1;1;1;1;1;7;4;4;1;1;1;1;4;4;4;4;7;4;1;4;4;1;1;1;1;1;1;1;1;1;1;1;1;1;1;1;1;1;1;1;1;1;1;1
ER Triage;LacticAcid;1;1;1;1;4;1;1;1;1;1;4;1;1;4;1;4;1;11;4;1;1;4;1;4;4;4;4;1;1;1;1;1;4;1;1;1;1;1;1;4;4;1;1;1;1;4;1;1;1;4;7;1;1;4;1;1;1;1;1;4;1;4;7;4;4;1;1;1;1;1;1;4;1;4;1;1;1;1;1;1;1;1;1;1;1;1;1;1;1;1;1;1;1;1;1;1;1;1;1;1
ER Triage;ER Triage;0;0;0;0;0;0;0;0;0;0;0;0;0;0;0;0;0;0;0;0;0;0;0;0;0;0;0;0;0;0;0;0;0;0;0;0;0;0;0;0;0;0;0;0;0;0;0;0;0;0;0;0;0;0;0;0;0;0;0;0;0;0;0;0;0;0;0;0;0;0;0;0;0;0;0;0;0;0;0;0;0;0;0;0;0;0;0;0;0;0;0;0;0;0;0;0;0;0;0;0
ER Triage;ER Sepsis Triage;2;4;5;4;4;3;5;5;4;3;5;3;5;2;5;5;5;7;8;9;8;8;6;5;7;7;9;4;7;4;10;11;8;7;9;6;8;6;6;6;7;5;4;5;5;6;8;8;5;5;8;8;5;8;8;6;2;8;11;10;6;6;9;6;7;6;7;7;3;4;5;5;2;3;4;4;3;4;4;4;3;3;2;1;1;1;1;1;1;1;1;1;1;1;1;1;1;1;1;1
ER Triage;IV Liquid;1;1;1;1;1;11;1;1;1;1;1;1;1;11;1;11;1;1;1;11;1;1;1;1;1;1;1;1;1;1;11;1;1;11;1;1;11;1;1;1;1;1;1;1;1;1;1;1;11;1;1;11;1;1;1;1;1;1;1;1;1;1;1;1;1;1;1;1;1;1;1;1;1;1;1;1;1;1;11;1;1;1;1;1;1;1;1;1;1;1;1;1;1;1;1;1;1;1;1;1
ER Triage;IV Antibiotics;1;1;1;1;1;1;1;1;1;1;1;1;1;1;1;1;1;1;1;1;1;1;1;1;1;1;1;1;1;1;1;1;1;1;1;1;1;1;1;1;1;1;1;1;11;1;1;1;1;1;1;1;1;1;1;1;1;1;1;1;1;1;1;1;1;1;1;1;1;1;1;1;1;1;1;1;1;1;1;1;1;1;1;1;1;1;1;1;1;1;1;1;1;1;1;1;1;1;1;1
ER Triage;Admission NC;0;0;0;0;0;0;0;0;0;0;0;0;0;0;0;0;0;0;0;0;0;0;0;0;0;0;0;0;0;0;0;0;0;0;0;0;0;0;0;0;0;0;0;0;0;0;0;0;0;0;0;0;0;0;0;0;0;0;0;0;0;0;0;0;0;0;0;0;0;0;0;0;0;0;0;0;0;0;0;0;0;0;0;0;0;0;0;0;0;0;0;0;0;0;0;0;0;0;0;0
ER Triage;Release A;0;0;0;0;0;0;0;0;0;0;0;0;0;0;0;0;0;0;0;0;0;0;0;0;0;0;0;0;0;0;0;0;0;0;0;0;0;0;0;0;0;0;0;0;0;0;0;0;0;0;0;0;0;0;0;0;0;0;0;0;0;0;0;0;0;0;0;0;0;0;0;0;0;0;0;0;0;0;0;0;0;0;0;0;0;0;0;0;0;0;0;0;0;0;0;0;0;0;0;0
ER Triage;Return ER;0;0;0;0;0;0;0;0;0;0;0;0;0;0;0;0;0;0;0;0;0;0;0;0;0;0;0;0;0;0;0;0;0;0;0;0;0;0;0;0;0;0;0;0;0;0;0;0;0;0;0;0;0;0;0;0;0;0;0;0;0;0;0;0;0;0;0;0;0;0;0;0;0;0;0;0;0;0;0;0;0;0;0;0;0;0;0;0;0;0;0;0;0;0;0;0;0;0;0;0
ER Triage;Admission IC;0;0;0;0;0;0;0;0;0;0;0;0;0;0;0;0;0;0;0;0;0;0;0;0;0;0;0;0;0;0;0;0;0;0;0;0;0;0;0;0;0;0;0;0;0;0;0;0;0;0;0;0;0;0;0;0;0;0;0;0;0;0;0;0;0;0;0;0;0;0;0;0;0;0;0;0;0;0;0;0;0;0;0;0;0;0;0;0;0;0;0;0;0;0;0;0;0;0;0;0
ER Triage;Release B;0;0;0;0;0;0;0;0;0;0;0;0;0;0;0;0;0;0;0;0;0;0;0;0;0;0;0;0;0;0;0;0;0;0;0;0;0;0;0;0;0;0;0;0;0;0;0;0;0;0;0;0;0;0;0;0;0;0;0;0;0;0;0;0;0;0;0;0;0;0;0;0;0;0;0;0;0;0;0;0;0;0;0;0;0;0;0;0;0;0;0;0;0;0;0;0;0;0;0;0
ER Triage;Release C;0;0;0;0;0;0;0;0;0;0;0;0;0;0;0;0;0;0;0;0;0;0;0;0;0;0;0;0;0;0;0;0;0;0;0;0;0;0;0;0;0;0;0;0;0;0;0;0;0;0;0;0;0;0;0;0;0;0;0;0;0;0;0;0;0;0;0;0;0;0;0;0;0;0;0;0;0;0;0;0;0;0;0;0;0;0;0;0;0;0;0;0;0;0;0;0;0;0;0;0
ER Triage;Release D;0;0;0;0;0;0;0;0;0;0;0;0;0;0;0;0;0;0;0;0;0;0;0;0;0;0;0;0;0;0;0;0;0;0;0;0;0;0;0;0;0;0;0;0;0;0;0;0;0;0;0;0;0;0;0;0;0;0;0;0;0;0;0;0;0;0;0;0;0;0;0;0;0;0;0;0;0;0;0;0;0;0;0;0;0;0;0;0;0;0;0;0;0;0;0;0;0;0;0;0
ER Triage;Release E;0;0;0;0;0;0;0;0;0;0;0;0;0;0;0;0;0;0;0;0;0;0;0;0;0;0;0;0;0;0;0;0;0;0;0;0;0;0;0;0;0;0;0;0;0;0;0;0;0;0;0;0;0;0;0;0;0;0;0;0;0;0;0;0;0;0;0;0;0;0;0;0;0;0;0;0;0;0;0;0;0;0;0;0;0;0;0;0;0;0;0;0;0;0;0;0;0;0;0;0
ER Triage;start;0;0;0;0;0;0;0;0;0;0;0;0;0;0;0;0;0;0;0;0;0;0;0;0;0;0;0;0;0;0;0;0;0;0;0;0;0;0;0;0;0;0;0;0;0;0;0;0;0;0;0;0;0;0;0;0;0;0;0;0;0;0;0;0;0;0;0;0;0;0;0;0;0;0;0;0;0;0;0;0;0;0;0;0;0;0;0;0;0;0;0;0;0;0;0;0;0;0;0;0
ER Triage;end;1;1;1;1;1;1;1;1;1;1;1;1;1;1;1;1;1;1;1;1;1;1;1;1;1;1;1;1;1;1;1;1;1;11;1;11;1;1;1;1;1;11;1;1;1;1;1;1;1;1;1;1;1;1;1;11;1;1;1;1;1;1;1;1;1;1;1;1;1;1;1;1;1;1;1;1;1;1;1;1;1;1;1;1;1;1;1;1;1;1;1;1;1;1;1;1;1;1;1;1
ER Sepsis Triage;ER Registration;1;1;1;1;1;1;1;1;1;1;1;1;1;1;1;11;1;1;1;11;1;1;1;1;1;1;1;1;1;1;1;1;1;1;1;1;1;1;1;1;1;1;1;1;1;1;1;1;11;1;1;1;1;1;1;1;1;1;1;1;1;1;1;11;1;1;1;1;1;1;1;1;1;1;1;1;1;1;1;1;1;1;1;1;1;1;1;1;1;1;1;1;1;1;1;1;1;1;1;1
ER Sepsis Triage;Leucocytes;1;4;3;5;3;2;2;2;3;2;2;2;2;3;4;4;4;5;6;5;7;7;2;2;5;7;4;4;7;4;5;11;3;1;8;7;10;4;3;3;6;6;3;6;3;6;5;4;5;4;5;6;3;6;4;5;3;6;9;9;3;1;8;6;4;4;5;4;1;4;3;2;3;3;3;3;4;4;4;3;4;3;1;1;1;1;1;1;1;1;1;1;1;1;1;1;1;1;1;1
ER Sepsis Triage;CRP;2;7;6;1;4;1;7;6;1;4;2;2;4;4;4;1;6;6;4;6;6;6;9;6;6;9;6;2;4;2;9;2;9;7;6;2;7;4;7;7;2;2;6;2;2;7;7;4;4;2;4;4;6;6;11;4;2;4;11;6;6;2;11;2;6;4;6;9;2;4;2;4;2;1;2;4;1;4;4;4;2;2;1;1;1;1;1;1;1;1;1;1;1;1;1;1;1;1;1;1
ER Sepsis Triage;LacticAcid;3;2;5;3;2;2;3;3;2;3;3;2;2;1;1;2;3;1;5;6;3;3;2;5;6;1;11;2;5;2;5;8;5;6;1;5;1;8;2;3;5;6;3;2;3;1;2;6;3;3;2;5;2;3;8;5;1;3;1;2;3;5;2;1;5;1;6;1;1;2;5;3;1;1;5;2;1;3;2;2;1;2;1;1;1;1;1;1;1;1;1;1;1;1;1;1;1;1;1;1
ER Sepsis Triage;ER Triage;1;1;1;1;1;1;1;1;1;1;1;1;1;1;1;1;1;1;1;11;1;1;1;1;1;1;1;1;1;1;1;1;1;1;1;1;1;1;1;1;1;1;1;1;11;1;1;1;1;1;1;11;1;1;1;1;1;1;1;1;1;1;11;1;1;1;1;1;1;1;1;1;1;1;1;11;1;1;1;1;1;1;1;1;1;1;1;1;1;1;1;1;1;1;1;1;1;1;1;1
ER Sepsis Triage;ER Sepsis Triage;0;0;0;0;0;0;0;0;0;0;0;0;0;0;0;0;0;0;0;0;0;0;0;0;0;0;0;0;0;0;0;0;0;0;0;0;0;0;0;0;0;0;0;0;0;0;0;0;0;0;0;0;0;0;0;0;0;0;0;0;0;0;0;0;0;0;0;0;0;0;0;0;0;0;0;0;0;0;0;0;0;0;0;0;0;0;0;0;0;0;0;0;0;0;0;0;0;0;0;0
ER Sepsis Triage;IV Liquid;1;2;2;3;5;4;1;4;7;3;7;4;5;2;3;6;3;7;6;6;6;8;5;3;6;4;6;3;3;4;8;4;7;5;9;4;5;1;3;3;6;2;3;6;6;6;4;6;3;7;11;5;5;5;3;5;2;5;6;6;4;8;4;6;4;6;3;7;5;4;3;6;2;4;3;5;2;2;2;3;2;2;2;1;1;1;1;1;1;1;1;1;1;1;1;1;1;1;1;1
ER Sepsis Triage;IV Antibiotics;6;1;1;3;1;6;3;1;1;1;3;1;6;3;1;3;1;6;1;3;3;3;6;6;1;6;6;1;3;6;6;6;3;6;3;3;3;1;3;6;3;1;1;1;1;1;3;3;1;3;1;1;3;6;3;1;3;8;6;6;1;11;1;6;1;3;3;3;3;1;1;3;6;3;1;1;3;1;1;1;3;1;8;1;1;1;1;1;1;1;1;1;1;1;1;1;1;1;1;1
ER Sepsis Triage;Admission NC;1;6;1;1;1;1;1;1;1;1;11;1;1;1;6;1;1;1;1;6;1;6;1;1;1;1;1;6;1;1;6;1;6;1;1;1;1;1;6;1;6;1;1;1;1;1;1;6;6;1;1;11;1;6;1;1;1;1;1;1;1;1;1;1;1;1;1;1;1;1;1;1;1;1;6;1;1;6;6;1;1;1;1;1;1;1;1;1;1;1;1;1;1;1;1;1;1;1;1;1
ER Sepsis Triage;Release A;0;0;0;0;0;0;0;0;0;0;0;0;0;0;0;0;0;0;0;0;0;0;0;0;0;0;0;0;0;0;0;0;0;0;0;0;0;0;0;0;0;0;0;0;0;0;0;0;0;0;0;0;0;0;0;0;0;0;0;0;0;0;0;0;0;0;0;0;0;0;0;0;0;0;0;0;0;0;0;0;0;0;0;0;0;0;0;0;0;0;0;0;0;0;0;0;0;0;0;0
ER Sepsis Triage;Return ER;0;0;0;0;0;0;0;0;0;0;0;0;0;0;0;0;0;0;0;0;0;0;0;0;0;0;0;0;0;0;0;0;0;0;0;0;0;0;0;0;0;0;0;0;0;0;0;0;0;0;0;0;0;0;0;0;0;0;0;0;0;0;0;0;0;0;0;0;0;0;0;0;0;0;0;0;0;0;0;0;0;0;0;0;0;0;0;0;0;0;0;0;0;0;0;0;0;0;0;0
ER Sepsis Triage;Admission IC;1;1;1;1;1;1;1;1;1;1;1;1;1;1;1;1;1;1;1;1;1;1;1;1;1;1;1;1;11;1;1;1;1;1;1;1;1;1;1;1;1;1;1;1;1;1;1;1;1;1;1;1;1;1;1;1;1;1;1;1;1;1;1;1;1;1;1;1;1;1;1;1;1;1;1;1;1;1;1;1;1;1;1;1;1;1;1;1;1;1;1;1;1;1;1;1;1;1;1;1
ER Sepsis Triage;Release B;0;0;0;0;0;0;0;0;0;0;0;0;0;0;0;0;0;0;0;0;0;0;0;0;0;0;0;0;0;0;0;0;0;0;0;0;0;0;0;0;0;0;0;0;0;0;0;0;0;0;0;0;0;0;0;0;0;0;0;0;0;0;0;0;0;0;0;0;0;0;0;0;0;0;0;0;0;0;0;0;0;0;0;0;0;0;0;0;0;0;0;0;0;0;0;0;0;0;0;0
ER Sepsis Triage;Release C;0;0;0;0;0;0;0;0;0;0;0;0;0;0;0;0;0;0;0;0;0;0;0;0;0;0;0;0;0;0;0;0;0;0;0;0;0;0;0;0;0;0;0;0;0;0;0;0;0;0;0;0;0;0;0;0;0;0;0;0;0;0;0;0;0;0;0;0;0;0;0;0;0;0;0;0;0;0;0;0;0;0;0;0;0;0;0;0;0;0;0;0;0;0;0;0;0;0;0;0
ER Sepsis Triage;Release D;0;0;0;0;0;0;0;0;0;0;0;0;0;0;0;0;0;0;0;0;0;0;0;0;0;0;0;0;0;0;0;0;0;0;0;0;0;0;0;0;0;0;0;0;0;0;0;0;0;0;0;0;0;0;0;0;0;0;0;0;0;0;0;0;0;0;0;0;0;0;0;0;0;0;0;0;0;0;0;0;0;0;0;0;0;0;0;0;0;0;0;0;0;0;0;0;0;0;0;0
ER Sepsis Triage;Release E;0;0;0;0;0;0;0;0;0;0;0;0;0;0;0;0;0;0;0;0;0;0;0;0;0;0;0;0;0;0;0;0;0;0;0;0;0;0;0;0;0;0;0;0;0;0;0;0;0;0;0;0;0;0;0;0;0;0;0;0;0;0;0;0;0;0;0;0;0;0;0;0;0;0;0;0;0;0;0;0;0;0;0;0;0;0;0;0;0;0;0;0;0;0;0;0;0;0;0;0
ER Sepsis Triage;start;0;0;0;0;0;0;0;0;0;0;0;0;0;0;0;0;0;0;0;0;0;0;0;0;0;0;0;0;0;0;0;0;0;0;0;0;0;0;0;0;0;0;0;0;0;0;0;0;0;0;0;0;0;0;0;0;0;0;0;0;0;0;0;0;0;0;0;0;0;0;0;0;0;0;0;0;0;0;0;0;0;0;0;0;0;0;0;0;0;0;0;0;0;0;0;0;0;0;0;0
ER Sepsis Triage;end;1;1;1;1;1;1;4;1;1;1;1;1;1;1;4;7;1;11;4;1;1;4;1;4;1;1;7;11;4;1;4;4;4;11;1;1;4;4;4;4;1;1;1;1;1;1;7;1;1;1;4;1;4;1;4;1;1;4;7;4;4;4;7;1;11;1;1;1;11;1;7;1;1;4;1;1;7;1;1;1;1;1;1;1;1;1;1;1;1;1;1;1;1;1;1;1;1;1;1;1
IV Liquid;ER Registration;1;1;1;11;1;1;1;1;1;1;1;1;1;11;1;1;1;1;1;1;11;1;11;1;1;1;1;1;1;11;1;1;1;1;1;1;1;1;1;11;1;1;11;1;1;1;1;1;1;11;1;1;11;1;1;11;1;1;11;11;11;11;1;1;1;1;1;11;1;1;1;1;1;1;1;1;1;1;1;1;1;1;1;1;1;1;1;1;1;1;1;1;1;1;1;1;1;1;1;1
IV Liquid;Leucocytes;1;1;1;4;1;4;4;4;4;1;4;1;1;4;1;1;4;4;1;4;7;4;1;1;1;1;4;1;4;4;4;4;4;4;4;1;1;1;1;4;11;4;4;1;7;4;1;4;1;1;4;4;4;4;1;1;4;4;4;1;4;7;1;4;4;7;1;4;1;1;1;4;1;4;4;1;4;1;4;1;4;4;1;1;1;1;1;1;1;1;1;1;1;1;1;1;1;1;1;1
IV Liquid;CRP;1;1;1;1;4;7;1;1;7;1;4;1;7;1;1;4;1;1;4;11;1;4;1;1;1;1;1;1;4;1;1;1;4;1;7;7;4;1;7;1;1;1;1;1;4;4;7;4;4;1;4;1;1;1;1;4;1;1;11;1;1;11;1;1;1;4;4;1;1;1;1;1;1;1;1;11;1;4;1;4;1;1;1;1;1;1;1;1;1;1;1;1;1;1;1;1;1;1;1;1
IV Liquid;LacticAcid;1;6;1;1;1;1;1;1;1;1;1;6;1;1;6;1;1;1;1;1;6;6;1;1;1;1;6;1;1;1;6;1;6;6;1;1;6;1;1;1;1;1;1;6;1;6;6;6;6;1;6;11;1;6;6;1;1;6;6;1;1;1;6;11;11;11;1;6;6;6;6;11;1;1;1;1;1;1;1;6;1;1;1;1;1;1;1;1;1;1;1;1;1;1;1;1;1;1;1;1
IV Liquid;ER Triage;6;1;1;1;1;1;6;1;1;1;6;1;6;1;6;1;1;1;1;1;1;1;6;6;6;6;6;1;1;1;1;11;6;6;1;1;1;1;1;1;1;1;6;1;1;1;1;6;1;6;1;1;1;6;1;1;1;1;6;1;1;1;1;1;6;1;1;1;1;1;1;6;1;1;6;1;1;1;1;1;1;1;6;1;1;1;1;1;1;1;1;1;1;1;1;1;1;1;1;1
IV Liquid;ER Sepsis Triage;1;1;1;1;1;1;1;1;1;1;1;1;1;1;1;1;1;11;1;1;1;1;1;1;1;1;1;1;1;1;6;1;1;1;1;1;1;1;1;1;1;1;1;1;1;1;1;1;1;1;1;1;6;1;1;1;1;1;1;6;1;1;1;1;1;1;1;1;1;1;1;1;1;1;1;1;1;1;6;1;1;1;1;1;1;1;1;1;1;1;1;1;1;1;1;1;1;1;1;1
IV Liquid;IV Liquid;0;0;0;0;0;0;0;0;0;0;0;0;0;0;0;0;0;0;0;0;0;0;0;0;0;0;0;0;0;0;0;0;0;0;0;0;0;0;0;0;0;0;0;0;0;0;0;0;0;0;0;0;0;0;0;0;0;0;0;0;0;0;0;0;0;0;0;0;0;0;0;0;0;0;0;0;0;0;0;0;0;0;0;0;0;0;0;0;0;0;0;0;0;0;0;0;0;0;0;0
IV Liquid;IV Antibiotics;3;5;3;4;5;3;2;4;4;4;5;4;3;3;1;6;4;6;7;7;5;7;5;7;11;7;10;5;6;4;9;8;7;7;10;5;9;5;4;4;8;5;3;7;4;7;5;6;5;7;7;7;4;4;10;7;2;4;7;10;4;5;9;5;5;3;6;7;4;5;4;4;4;4;3;3;1;4;4;1;3;1;1;1;1;1;1;1;1;1;1;1;1;1;1;1;1;1;1;1
IV Liquid;Admission NC;1;1;1;1;1;1;5;1;3;3;3;1;1;1;3;1;3;3;3;11;1;1;7;1;1;1;1;1;3;1;7;5;1;1;1;3;3;3;3;3;1;3;1;1;5;1;3;1;3;1;1;1;1;5;3;1;1;3;3;3;1;3;5;7;1;1;3;1;3;1;5;1;3;1;3;1;1;1;1;1;3;1;1;1;1;1;1;1;1;1;1;1;1;1;1;1;1;1;1;1
IV Liquid;Release A;1;1;1;1;1;1;1;1;1;1;1;1;1;1;1;1;1;1;1;1;1;1;1;1;1;1;1;1;1;1;1;1;1;1;1;1;1;1;1;1;1;1;1;1;1;1;1;1;1;1;1;1;1;1;1;1;1;1;1;1;1;1;1;1;1;1;1;1;1;1;1;1;1;1;11;1;1;1;1;1;1;1;1;1;1;1;1;1;1;1;1;1;1;1;1;1;1;1;1;1
IV Liquid;Return ER;0;0;0;0;0;0;0;0;0;0;0;0;0;0;0;0;0;0;0;0;0;0;0;0;0;0;0;0;0;0;0;0;0;0;0;0;0;0;0;0;0;0;0;0;0;0;0;0;0;0;0;0;0;0;0;0;0;0;0;0;0;0;0;0;0;0;0;0;0;0;0;0;0;0;0;0;0;0;0;0;0;0;0;0;0;0;0;0;0;0;0;0;0;0;0;0;0;0;0;0
IV Liquid;Admission IC;1;11;1;1;1;1;1;11;1;1;1;1;1;1;1;1;1;1;1;1;1;1;1;1;1;1;1;1;1;1;1;1;1;1;1;1;1;1;1;1;1;1;1;1;1;1;1;1;1;1;1;1;1;1;1;1;1;1;1;1;1;1;1;1;1;1;1;1;1;1;1;1;1;1;1;1;1;1;1;1;1;1;1;1;1;1;1;1;1;1;1;1;1;1;1;1;1;1;1;1
IV Liquid;Release B;1;1;1;1;1;1;1;1;1;1;1;1;1;1;1;1;1;1;1;1;1;1;1;1;1;1;1;1;1;1;1;1;1;1;1;1;1;1;1;1;1;1;1;1;1;1;1;1;1;1;1;1;1;1;1;1;1;1;1;11;1;1;1;1;1;1;1;1;1;1;1;1;1;1;1;1;1;1;1;1;1;1;1;1;1;1;1;1;1;1;1;1;1;1;1;1;1;1;1;1
IV Liquid;Release C;0;0;0;0;0;0;0;0;0;0;0;0;0;0;0;0;0;0;0;0;0;0;0;0;0;0;0;0;0;0;0;0;0;0;0;0;0;0;0;0;0;0;0;0;0;0;0;0;0;0;0;0;0;0;0;0;0;0;0;0;0;0;0;0;0;0;0;0;0;0;0;0;0;0;0;0;0;0;0;0;0;0;0;0;0;0;0;0;0;0;0;0;0;0;0;0;0;0;0;0
IV Liquid;Release D;0;0;0;0;0;0;0;0;0;0;0;0;0;0;0;0;0;0;0;0;0;0;0;0;0;0;0;0;0;0;0;0;0;0;0;0;0;0;0;0;0;0;0;0;0;0;0;0;0;0;0;0;0;0;0;0;0;0;0;0;0;0;0;0;0;0;0;0;0;0;0;0;0;0;0;0;0;0;0;0;0;0;0;0;0;0;0;0;0;0;0;0;0;0;0;0;0;0;0;0
IV Liquid;Release E;0;0;0;0;0;0;0;0;0;0;0;0;0;0;0;0;0;0;0;0;0;0;0;0;0;0;0;0;0;0;0;0;0;0;0;0;0;0;0;0;0;0;0;0;0;0;0;0;0;0;0;0;0;0;0;0;0;0;0;0;0;0;0;0;0;0;0;0;0;0;0;0;0;0;0;0;0;0;0;0;0;0;0;0;0;0;0;0;0;0;0;0;0;0;0;0;0;0;0;0
IV Liquid;start;0;0;0;0;0;0;0;0;0;0;0;0;0;0;0;0;0;0;0;0;0;0;0;0;0;0;0;0;0;0;0;0;0;0;0;0;0;0;0;0;0;0;0;0;0;0;0;0;0;0;0;0;0;0;0;0;0;0;0;0;0;0;0;0;0;0;0;0;0;0;0;0;0;0;0;0;0;0;0;0;0;0;0;0;0;0;0;0;0;0;0;0;0;0;0;0;0;0;0;0
IV Liquid;end;1;1;1;1;1;1;1;1;1;1;1;1;1;1;1;1;1;4;1;1;1;4;1;1;1;1;1;1;1;1;1;1;11;1;1;4;1;4;1;1;1;4;1;1;4;1;1;1;1;1;7;1;1;7;1;1;1;7;1;4;1;1;1;1;1;1;1;1;1;1;1;4;1;1;1;1;1;1;1;1;1;1;4;1;1;1;1;1;1;1;1;1;1;1;1;1;1;1;1;1
IV Antibiotics;ER Registration;1;1;1;1;1;1;1;1;1;1;1;1;1;1;1;1;1;1;1;1;1;1;1;1;11;1;1;1;1;1;1;1;1;1;1;1;1;1;1;1;1;1;1;1;1;1;1;1;1;1;1;1;1;1;1;1;1;1;1;1;1;1;1;1;1;1;1;1;1;1;1;1;1;1;1;1;1;1;1;1;1;1;1;1;1;1;1;1;1;1;1;1;1;1;1;1;1;1;1;1
IV Antibiotics;Leucocytes;4;4;7;1;1;4;1;4;1;1;4;1;7;1;4;1;1;4;4;7;4;4;11;1;1;4;11;1;1;4;11;4;4;1;4;1;7;1;1;1;1;1;1;1;11;1;1;1;1;1;7;1;1;4;1;4;1;1;1;7;1;7;1;4;1;1;7;7;4;1;1;4;1;1;1;4;1;1;1;1;4;1;1;1;1;1;1;1;1;1;1;1;1;1;1;1;1;1;1;1
IV Antibiotics;CRP;1;1;1;1;1;4;1;1;7;4;1;1;4;1;1;11;4;1;4;4;4;1;1;1;7;1;1;1;1;7;11;4;4;4;4;1;4;1;4;1;1;1;1;4;4;1;1;4;4;7;1;4;1;7;4;1;1;11;1;7;4;7;1;1;1;1;4;4;1;1;4;1;1;1;1;1;1;1;1;1;1;1;7;1;1;1;1;1;1;1;1;1;1;1;1;1;1;1;1;1
IV Antibiotics;LacticAcid;1;1;1;1;11;1;1;6;1;1;11;1;1;1;1;1;1;11;6;1;1;1;11;1;1;1;1;1;1;1;1;11;6;1;11;1;1;1;1;1;1;6;1;1;1;1;1;6;1;1;6;1;6;1;1;1;6;6;1;6;6;1;1;1;1;1;1;6;1;1;1;1;1;6;1;6;1;1;1;6;1;1;6;1;1;1;1;1;1;1;1;1;1;1;1;1;1;1;1;1
IV Antibiotics;ER Triage;1;1;1;1;1;1;1;1;1;1;1;1;1;1;1;1;1;11;1;11;1;1;1;1;1;1;1;11;1;11;1;1;1;11;1;1;1;1;1;1;1;1;1;1;1;1;1;1;1;1;1;1;1;1;1;1;1;1;1;11;1;1;1;1;1;1;1;1;1;1;1;1;1;1;1;1;1;1;1;1;1;1;1;1;1;1;1;1;1;1;1;1;1;1;1;1;1;1;1;1
IV Antibiotics;ER Sepsis Triage;0;0;0;0;0;0;0;0;0;0;0;0;0;0;0;0;0;0;0;0;0;0;0;0;0;0;0;0;0;0;0;0;0;0;0;0;0;0;0;0;0;0;0;0;0;0;0;0;0;0;0;0;0;0;0;0;0;0;0;0;0;0;0;0;0;0;0;0;0;0;0;0;0;0;0;0;0;0;0;0;0;0;0;0;0;0;0;0;0;0;0;0;0;0;0;0;0;0;0;0
IV Antibiotics;IV Liquid;1;3;1;3;1;1;6;3;3;3;3;1;1;1;3;1;3;3;3;11;1;1;8;1;1;1;1;1;3;1;8;6;6;1;1;6;3;3;3;6;3;3;1;1;3;1;3;1;3;1;1;1;1;8;3;1;1;3;3;3;1;6;6;11;1;3;1;1;1;1;6;1;3;1;3;1;1;1;1;1;1;1;1;1;1;1;1;1;1;1;1;1;1;1;1;1;1;1;1;1
IV Antibiotics;IV Antibiotics;0;0;0;0;0;0;0;0;0;0;0;0;0;0;0;0;0;0;0;0;0;0;0;0;0;0;0;0;0;0;0;0;0;0;0;0;0;0;0;0;0;0;0;0;0;0;0;0;0;0;0;0;0;0;0;0;0;0;0;0;0;0;0;0;0;0;0;0;0;0;0;0;0;0;0;0;0;0;0;0;0;0;0;0;0;0;0;0;0;0;0;0;0;0;0;0;0;0;0;0
IV Antibiotics;Admission NC;3;4;3;5;3;3;3;2;3;3;3;4;4;3;1;3;4;4;4;6;5;7;1;6;7;6;9;3;5;3;7;7;5;6;7;5;6;4;5;4;8;5;5;4;4;5;6;6;4;5;7;9;4;3;7;5;2;5;11;6;3;5;6;5;5;5;5;5;2;4;3;6;3;3;3;3;2;5;5;3;4;1;1;1;1;1;1;1;1;1;1;1;1;1;1;1;1;1;1;1
IV Antibiotics;Release A;0;0;0;0;0;0;0;0;0;0;0;0;0;0;0;0;0;0;0;0;0;0;0;0;0;0;0;0;0;0;0;0;0;0;0;0;0;0;0;0;0;0;0;0;0;0;0;0;0;0;0;0;0;0;0;0;0;0;0;0;0;0;0;0;0;0;0;0;0;0;0;0;0;0;0;0;0;0;0;0;0;0;0;0;0;0;0;0;0;0;0;0;0;0;0;0;0;0;0;0
IV Antibiotics;Return ER;0;0;0;0;0;0;0;0;0;0;0;0;0;0;0;0;0;0;0;0;0;0;0;0;0;0;0;0;0;0;0;0;0;0;0;0;0;0;0;0;0;0;0;0;0;0;0;0;0;0;0;0;0;0;0;0;0;0;0;0;0;0;0;0;0;0;0;0;0;0;0;0;0;0;0;0;0;0;0;0;0;0;0;0;0;0;0;0;0;0;0;0;0;0;0;0;0;0;0;0
IV Antibiotics;Admission IC;1;4;1;1;1;1;4;1;1;1;1;1;1;1;7;1;1;1;4;4;4;1;7;1;4;4;4;4;4;1;1;4;4;4;4;4;1;1;1;1;4;1;1;1;1;4;11;1;4;4;1;7;7;4;7;1;1;1;7;1;1;4;7;1;4;1;7;4;7;1;1;4;4;1;1;1;1;1;1;1;1;1;1;1;1;1;1;1;1;1;1;1;1;1;1;1;1;1;1;1
IV Antibiotics;Release B;1;1;1;1;1;1;1;1;1;1;1;1;1;1;1;1;1;1;1;1;1;1;1;1;1;1;1;1;1;1;1;1;1;1;1;1;1;1;1;1;1;1;1;1;1;1;1;1;1;1;1;1;1;1;1;11;1;1;1;1;1;1;1;1;1;1;1;1;1;1;1;1;1;1;1;1;1;1;1;1;1;1;1;1;1;1;1;1;1;1;1;1;1;1;1;1;1;1;1;1
IV Antibiotics;Release C;0;0;0;0;0;0;0;0;0;0;0;0;0;0;0;0;0;0;0;0;0;0;0;0;0;0;0;0;0;0;0;0;0;0;0;0;0;0;0;0;0;0;0;0;0;0;0;0;0;0;0;0;0;0;0;0;0;0;0;0;0;0;0;0;0;0;0;0;0;0;0;0;0;0;0;0;0;0;0;0;0;0;0;0;0;0;0;0;0;0;0;0;0;0;0;0;0;0;0;0
IV Antibiotics;Release D;0;0;0;0;0;0;0;0;0;0;0;0;0;0;0;0;0;0;0;0;0;0;0;0;0;0;0;0;0;0;0;0;0;0;0;0;0;0;0;0;0;0;0;0;0;0;0;0;0;0;0;0;0;0;0;0;0;0;0;0;0;0;0;0;0;0;0;0;0;0;0;0;0;0;0;0;0;0;0;0;0;0;0;0;0;0;0;0;0;0;0;0;0;0;0;0;0;0;0;0
IV Antibiotics;Release E;0;0;0;0;0;0;0;0;0;0;0;0;0;0;0;0;0;0;0;0;0;0;0;0;0;0;0;0;0;0;0;0;0;0;0;0;0;0;0;0;0;0;0;0;0;0;0;0;0;0;0;0;0;0;0;0;0;0;0;0;0;0;0;0;0;0;0;0;0;0;0;0;0;0;0;0;0;0;0;0;0;0;0;0;0;0;0;0;0;0;0;0;0;0;0;0;0;0;0;0
IV Antibiotics;start;0;0;0;0;0;0;0;0;0;0;0;0;0;0;0;0;0;0;0;0;0;0;0;0;0;0;0;0;0;0;0;0;0;0;0;0;0;0;0;0;0;0;0;0;0;0;0;0;0;0;0;0;0;0;0;0;0;0;0;0;0;0;0;0;0;0;0;0;0;0;0;0;0;0;0;0;0;0;0;0;0;0;0;0;0;0;0;0;0;0;0;0;0;0;0;0;0;0;0;0
IV Antibiotics;end;4;1;1;4;4;4;7;11;4;1;7;4;1;4;4;7;1;11;7;1;4;7;7;7;1;4;4;4;7;1;1;11;11;7;11;4;7;7;1;4;4;4;4;11;1;11;4;11;4;7;4;1;1;7;1;7;4;1;7;7;4;7;7;7;4;1;1;1;7;7;7;1;4;7;4;4;4;1;1;1;1;1;1;1;1;1;1;1;1;1;1;1;1;1;1;1;1;1;1;1
Admission NC;ER Registration;0;0;0;0;0;0;0;0;0;0;0;0;0;0;0;0;0;0;0;0;0;0;0;0;0;0;0;0;0;0;0;0;0;0;0;0;0;0;0;0;0;0;0;0;0;0;0;0;0;0;0;0;0;0;0;0;0;0;0;0;0;0;0;0;0;0;0;0;0;0;0;0;0;0;0;0;0;0;0;0;0;0;0;0;0;0;0;0;0;0;0;0;0;0;0;0;0;0;0;0
Admission NC;Leucocytes;2;1;5;4;2;1;3;1;5;2;6;2;4;3;2;3;1;3;5;8;7;4;8;4;6;3;9;4;6;1;5;2;1;3;5;4;6;2;3;6;4;2;3;5;6;1;7;4;3;1;8;7;2;3;2;5;1;3;5;11;1;4;6;7;3;5;4;2;1;1;1;3;4;1;5;2;3;3;2;3;2;1;1;1;1;1;1;1;1;1;1;1;1;1;1;1;1;1;1;1
Admission NC;CRP;1;3;2;6;2;3;3;2;4;3;6;6;3;1;4;6;6;2;7;9;4;7;4;4;3;8;8;8;6;3;9;6;4;3;6;4;6;3;6;8;6;4;3;3;2;6;3;8;4;6;4;4;4;4;4;4;2;7;9;7;4;4;11;4;9;4;7;6;2;4;4;4;4;2;3;4;3;3;8;2;3;3;3;1;1;1;1;1;1;1;1;1;1;1;1;1;1;1;1;1
Admission NC;LacticAcid;1;1;1;1;1;3;3;1;1;1;1;1;1;1;1;3;1;1;1;1;6;1;1;3;3;3;1;1;1;1;1;1;1;1;3;1;1;3;1;1;11;1;3;1;1;1;3;3;1;1;3;1;1;1;3;1;1;6;3;1;3;1;6;3;1;1;1;1;1;1;1;1;1;1;1;1;1;1;1;1;1;1;1;1;1;1;1;1;1;1;1;1;1;1;1;1;1;1;1;1
Admission NC;ER Triage;1;1;1;1;1;1;1;1;1;1;1;1;1;1;1;1;1;1;1;11;1;1;1;1;1;1;1;1;1;1;1;1;1;1;1;1;1;1;1;1;1;1;1;1;1;1;1;1;1;1;1;1;1;1;1;1;1;1;1;1;1;1;1;1;1;1;1;1;1;1;1;1;1;1;1;1;1;1;1;1;1;1;1;1;1;1;1;1;1;1;1;1;1;1;1;1;1;1;1;1
Admission NC;ER Sepsis Triage;1;1;1;1;1;1;1;1;1;1;1;1;1;1;1;1;1;1;1;1;1;1;1;1;1;1;1;1;1;1;1;1;1;1;1;1;1;1;1;1;1;11;1;1;1;1;1;1;1;1;1;1;1;1;11;1;1;1;1;1;1;1;1;1;1;1;1;1;11;1;11;1;1;1;11;1;1;1;1;1;1;1;1;1;1;1;1;1;1;1;1;1;1;1;1;1;1;1;1;1
Admission NC;IV Liquid;1;1;1;1;6;1;6;1;1;1;1;1;1;1;1;1;1;11;1;1;1;11;1;1;1;1;1;1;1;6;1;1;6;1;1;6;1;1;6;1;1;11;1;1;1;1;1;1;6;1;1;1;1;6;1;1;1;6;6;6;1;1;1;1;6;1;1;1;1;1;1;1;1;1;1;6;1;1;1;1;1;1;1;1;1;1;1;1;1;1;1;1;1;1;1;1;1;1;1;1
Admission NC;IV Antibiotics;1;1;1;1;1;1;1;1;1;1;1;1;1;1;1;1;1;1;1;1;1;1;1;1;1;1;1;1;1;1;1;1;1;1;1;1;1;1;1;1;1;1;1;1;1;1;1;1;1;1;1;11;1;1;1;1;1;1;1;1;1;11;1;1;1;1;1;1;1;1;1;1;1;1;1;1;1;1;1;1;1;1;1;1;1;1;1;1;1;1;1;1;1;1;1;1;1;1;1;1
Admission NC;Admission NC;2;2;3;5;3;2;3;2;1;2;3;5;1;1;3;2;5;2;1;5;5;8;6;5;5;2;6;2;2;5;8;5;2;2;9;2;3;3;2;2;3;1;1;5;1;2;2;2;3;5;5;1;5;5;11;2;3;5;2;2;3;3;6;5;5;5;5;2;2;2;1;1;5;2;3;1;1;2;3;3;3;2;2;1;1;1;1;1;1;1;1;1;1;1;1;1;1;1;1;1
Admission NC;Release A;1;3;1;3;3;3;1;1;3;1;1;3;3;3;3;3;1;1;3;8;3;3;3;1;8;1;1;1;3;1;3;11;6;3;3;1;1;1;1;1;3;1;1;3;3;1;1;3;1;1;1;8;3;6;3;3;1;1;3;1;1;1;1;1;6;1;3;3;1;6;1;3;1;1;3;1;1;3;1;1;3;1;1;1;1;1;1;1;1;1;1;1;1;1;1;1;1;1;1;1
Admission NC;Return ER;0;0;0;0;0;0;0;0;0;0;0;0;0;0;0;0;0;0;0;0;0;0;0;0;0;0;0;0;0;0;0;0;0;0;0;0;0;0;0;0;0;0;0;0;0;0;0;0;0;0;0;0;0;0;0;0;0;0;0;0;0;0;0;0;0;0;0;0;0;0;0;0;0;0;0;0;0;0;0;0;0;0;0;0;0;0;0;0;0;0;0;0;0;0;0;0;0;0;0;0
Admission NC;Admission IC;1;1;1;1;6;1;1;6;1;6;1;6;1;6;1;1;1;1;1;6;1;1;1;1;1;1;6;1;1;1;11;1;1;1;1;1;1;1;1;6;6;6;6;1;1;1;1;1;1;1;6;1;1;1;1;1;1;1;1;1;1;1;1;6;6;1;1;1;1;1;1;1;1;1;1;1;1;6;6;1;1;6;1;1;1;1;1;1;1;1;1;1;1;1;1;1;1;1;1;1
Admission NC;Release B;1;1;1;1;1;1;1;1;1;6;1;1;6;1;1;1;6;6;1;1;1;6;6;1;1;6;1;1;1;1;1;6;1;6;1;1;1;1;1;1;1;1;1;1;1;1;1;1;1;11;1;1;1;1;1;1;1;1;6;1;1;1;1;1;6;6;1;1;1;1;1;1;1;1;1;1;1;1;1;1;1;6;1;1;1;1;1;1;1;1;1;1;1;1;1;1;1;1;1;1
Admission NC;Release C;1;1;1;1;1;1;1;1;1;1;1;1;1;1;1;1;1;1;1;1;1;1;1;1;1;1;1;1;1;1;1;1;1;1;1;1;1;1;1;1;1;1;1;1;1;1;1;1;1;1;1;11;1;1;1;1;1;1;1;1;1;1;1;1;1;1;1;1;1;1;1;1;1;1;1;1;1;1;1;1;1;1;1;1;1;1;1;1;1;1;1;1;1;1;1;1;1;1;1;1
Admission NC;Release D;0;0;0;0;0;0;0;0;0;0;0;0;0;0;0;0;0;0;0;0;0;0;0;0;0;0;0;0;0;0;0;0;0;0;0;0;0;0;0;0;0;0;0;0;0;0;0;0;0;0;0;0;0;0;0;0;0;0;0;0;0;0;0;0;0;0;0;0;0;0;0;0;0;0;0;0;0;0;0;0;0;0;0;0;0;0;0;0;0;0;0;0;0;0;0;0;0;0;0;0
Admission NC;Release E;0;0;0;0;0;0;0;0;0;0;0;0;0;0;0;0;0;0;0;0;0;0;0;0;0;0;0;0;0;0;0;0;0;0;0;0;0;0;0;0;0;0;0;0;0;0;0;0;0;0;0;0;0;0;0;0;0;0;0;0;0;0;0;0;0;0;0;0;0;0;0;0;0;0;0;0;0;0;0;0;0;0;0;0;0;0;0;0;0;0;0;0;0;0;0;0;0;0;0;0
Admission NC;start;0;0;0;0;0;0;0;0;0;0;0;0;0;0;0;0;0;0;0;0;0;0;0;0;0;0;0;0;0;0;0;0;0;0;0;0;0;0;0;0;0;0;0;0;0;0;0;0;0;0;0;0;0;0;0;0;0;0;0;0;0;0;0;0;0;0;0;0;0;0;0;0;0;0;0;0;0;0;0;0;0;0;0;0;0;0;0;0;0;0;0;0;0;0;0;0;0;0;0;0
Admission NC;end;3;6;2;2;4;2;3;3;1;5;3;3;6;2;3;2;5;4;3;5;9;5;3;4;8;7;8;3;6;4;11;7;8;3;9;3;6;3;6;3;6;3;4;6;6;8;8;4;5;6;7;5;6;8;11;6;4;6;9;3;5;5;6;8;3;4;3;5;5;5;3;4;3;4;2;3;1;5;3;2;5;2;1;1;1;1;1;1;1;1;1;1;1;1;1;1;1;1;1;1
Release A;ER Registration;0;0;0;0;0;0;0;0;0;0;0;0;0;0;0;0;0;0;0;0;0;0;0;0;0;0;0;0;0;0;0;0;0;0;0;0;0;0;0;0;0;0;0;0;0;0;0;0;0;0;0;0;0;0;0;0;0;0;0;0;0;0;0;0;0;0;0;0;0;0;0;0;0;0;0;0;0;0;0;0;0;0;0;0;0;0;0;0;0;0;0;0;0;0;0;0;0;0;0;0
Release A;Leucocytes;1;1;1;1;1;1;1;1;1;1;1;1;1;1;1;1;1;1;1;1;1;1;1;1;1;1;1;1;11;1;1;1;1;1;1;1;1;1;1;1;1;1;1;1;1;1;1;1;1;1;1;1;1;1;1;1;1;1;1;1;1;1;1;1;1;1;1;1;1;1;1;1;1;1;1;1;1;1;1;1;1;1;1;1;1;1;1;1;1;1;1;1;1;1;1;1;1;1;1;1
Release A;CRP;1;1;1;1;1;1;1;1;1;1;1;1;1;1;1;11;1;1;1;1;1;1;1;1;1;1;1;1;1;1;1;1;1;1;1;1;1;1;1;1;1;1;1;1;1;1;1;1;1;1;1;1;1;1;1;1;1;1;1;1;1;1;1;1;1;1;1;1;1;1;1;1;1;1;1;1;1;1;1;1;1;1;1;1;1;1;1;1;1;1;1;1;1;1;1;1;1;1;1;1
Release A;LacticAcid;0;0;0;0;0;0;0;0;0;0;0;0;0;0;0;0;0;0;0;0;0;0;0;0;0;0;0;0;0;0;0;0;0;0;0;0;0;0;0;0;0;0;0;0;0;0;0;0;0;0;0;0;0;0;0;0;0;0;0;0;0;0;0;0;0;0;0;0;0;0;0;0;0;0;0;0;0;0;0;0;0;0;0;0;0;0;0;0;0;0;0;0;0;0;0;0;0;0;0;0
Release A;ER Triage;0;0;0;0;0;0;0;0;0;0;0;0;0;0;0;0;0;0;0;0;0;0;0;0;0;0;0;0;0;0;0;0;0;0;0;0;0;0;0;0;0;0;0;0;0;0;0;0;0;0;0;0;0;0;0;0;0;0;0;0;0;0;0;0;0;0;0;0;0;0;0;0;0;0;0;0;0;0;0;0;0;0;0;0;0;0;0;0;0;0;0;0;0;0;0;0;0;0;0;0
Release A;ER Sepsis Triage;0;0;0;0;0;0;0;0;0;0;0;0;0;0;0;0;0;0;0;0;0;0;0;0;0;0;0;0;0;0;0;0;0;0;0;0;0;0;0;0;0;0;0;0;0;0;0;0;0;0;0;0;0;0;0;0;0;0;0;0;0;0;0;0;0;0;0;0;0;0;0;0;0;0;0;0;0;0;0;0;0;0;0;0;0;0;0;0;0;0;0;0;0;0;0;0;0;0;0;0
Release A;IV Liquid;0;0;0;0;0;0;0;0;0;0;0;0;0;0;0;0;0;0;0;0;0;0;0;0;0;0;0;0;0;0;0;0;0;0;0;0;0;0;0;0;0;0;0;0;0;0;0;0;0;0;0;0;0;0;0;0;0;0;0;0;0;0;0;0;0;0;0;0;0;0;0;0;0;0;0;0;0;0;0;0;0;0;0;0;0;0;0;0;0;0;0;0;0;0;0;0;0;0;0;0
Release A;IV Antibiotics;0;0;0;0;0;0;0;0;0;0;0;0;0;0;0;0;0;0;0;0;0;0;0;0;0;0;0;0;0;0;0;0;0;0;0;0;0;0;0;0;0;0;0;0;0;0;0;0;0;0;0;0;0;0;0;0;0;0;0;0;0;0;0;0;0;0;0;0;0;0;0;0;0;0;0;0;0;0;0;0;0;0;0;0;0;0;0;0;0;0;0;0;0;0;0;0;0;0;0;0
Release A;Admission NC;0;0;0;0;0;0;0;0;0;0;0;0;0;0;0;0;0;0;0;0;0;0;0;0;0;0;0;0;0;0;0;0;0;0;0;0;0;0;0;0;0;0;0;0;0;0;0;0;0;0;0;0;0;0;0;0;0;0;0;0;0;0;0;0;0;0;0;0;0;0;0;0;0;0;0;0;0;0;0;0;0;0;0;0;0;0;0;0;0;0;0;0;0;0;0;0;0;0;0;0
Release A;Release A;0;0;0;0;0;0;0;0;0;0;0;0;0;0;0;0;0;0;0;0;0;0;0;0;0;0;0;0;0;0;0;0;0;0;0;0;0;0;0;0;0;0;0;0;0;0;0;0;0;0;0;0;0;0;0;0;0;0;0;0;0;0;0;0;0;0;0;0;0;0;0;0;0;0;0;0;0;0;0;0;0;0;0;0;0;0;0;0;0;0;0;0;0;0;0;0;0;0;0;0
Release A;Return ER;1;1;1;1;1;1;1;1;1;1;1;1;6;6;1;1;1;1;1;1;6;6;6;6;1;1;1;1;1;6;1;6;1;1;6;6;1;1;1;6;1;6;1;1;1;1;1;1;6;1;11;1;1;6;1;1;6;1;1;11;1;1;1;6;1;1;1;1;1;1;1;1;1;1;1;1;1;1;1;6;1;6;1;1;1;1;1;1;1;1;1;1;1;1;1;1;1;1;1;1
Release A;Admission IC;0;0;0;0;0;0;0;0;0;0;0;0;0;0;0;0;0;0;0;0;0;0;0;0;0;0;0;0;0;0;0;0;0;0;0;0;0;0;0;0;0;0;0;0;0;0;0;0;0;0;0;0;0;0;0;0;0;0;0;0;0;0;0;0;0;0;0;0;0;0;0;0;0;0;0;0;0;0;0;0;0;0;0;0;0;0;0;0;0;0;0;0;0;0;0;0;0;0;0;0
Release A;Release B;0;0;0;0;0;0;0;0;0;0;0;0;0;0;0;0;0;0;0;0;0;0;0;0;0;0;0;0;0;0;0;0;0;0;0;0;0;0;0;0;0;0;0;0;0;0;0;0;0;0;0;0;0;0;0;0;0;0;0;0;0;0;0;0;0;0;0;0;0;0;0;0;0;0;0;0;0;0;0;0;0;0;0;0;0;0;0;0;0;0;0;0;0;0;0;0;0;0;0;0
Release A;Release C;0;0;0;0;0;0;0;0;0;0;0;0;0;0;0;0;0;0;0;0;0;0;0;0;0;0;0;0;0;0;0;0;0;0;0;0;0;0;0;0;0;0;0;0;0;0;0;0;0;0;0;0;0;0;0;0;0;0;0;0;0;0;0;0;0;0;0;0;0;0;0;0;0;0;0;0;0;0;0;0;0;0;0;0;0;0;0;0;0;0;0;0;0;0;0;0;0;0;0;0
Release A;Release D;0;0;0;0;0;0;0;0;0;0;0;0;0;0;0;0;0;0;0;0;0;0;0;0;0;0;0;0;0;0;0;0;0;0;0;0;0;0;0;0;0;0;0;0;0;0;0;0;0;0;0;0;0;0;0;0;0;0;0;0;0;0;0;0;0;0;0;0;0;0;0;0;0;0;0;0;0;0;0;0;0;0;0;0;0;0;0;0;0;0;0;0;0;0;0;0;0;0;0;0
Release A;Release E;0;0;0;0;0;0;0;0;0;0;0;0;0;0;0;0;0;0;0;0;0;0;0;0;0;0;0;0;0;0;0;0;0;0;0;0;0;0;0;0;0;0;0;0;0;0;0;0;0;0;0;0;0;0;0;0;0;0;0;0;0;0;0;0;0;0;0;0;0;0;0;0;0;0;0;0;0;0;0;0;0;0;0;0;0;0;0;0;0;0;0;0;0;0;0;0;0;0;0;0
Release A;start;0;0;0;0;0;0;0;0;0;0;0;0;0;0;0;0;0;0;0;0;0;0;0;0;0;0;0;0;0;0;0;0;0;0;0;0;0;0;0;0;0;0;0;0;0;0;0;0;0;0;0;0;0;0;0;0;0;0;0;0;0;0;0;0;0;0;0;0;0;0;0;0;0;0;0;0;0;0;0;0;0;0;0;0;0;0;0;0;0;0;0;0;0;0;0;0;0;0;0;0
Release A;end;1;3;4;4;3;4;3;3;2;4;6;4;3;5;2;3;4;5;6;5;7;4;6;2;6;4;5;6;4;9;4;11;7;7;4;7;5;5;1;4;5;6;4;5;7;1;3;7;9;2;4;9;3;7;3;4;4;3;9;5;7;5;6;4;11;7;4;5;2;7;4;1;4;2;4;3;4;2;4;4;3;4;1;1;1;1;1;1;1;1;1;1;1;1;1;1;1;1;1;1
Return ER;ER Registration;0;0;0;0;0;0;0;0;0;0;0;0;0;0;0;0;0;0;0;0;0;0;0;0;0;0;0;0;0;0;0;0;0;0;0;0;0;0;0;0;0;0;0;0;0;0;0;0;0;0;0;0;0;0;0;0;0;0;0;0;0;0;0;0;0;0;0;0;0;0;0;0;0;0;0;0;0;0;0;0;0;0;0;0;0;0;0;0;0;0;0;0;0;0;0;0;0;0;0;0
Return ER;Leucocytes;0;0;0;0;0;0;0;0;0;0;0;0;0;0;0;0;0;0;0;0;0;0;0;0;0;0;0;0;0;0;0;0;0;0;0;0;0;0;0;0;0;0;0;0;0;0;0;0;0;0;0;0;0;0;0;0;0;0;0;0;0;0;0;0;0;0;0;0;0;0;0;0;0;0;0;0;0;0;0;0;0;0;0;0;0;0;0;0;0;0;0;0;0;0;0;0;0;0;0;0
Return ER;CRP;1;1;1;1;1;1;1;1;1;1;1;1;1;1;1;1;1;1;1;1;1;1;1;1;1;1;1;1;1;1;1;1;1;1;1;11;1;1;1;1;1;11;1;1;1;1;1;1;1;1;1;1;1;1;1;1;1;1;1;11;1;1;1;1;1;1;1;1;1;1;1;1;1;1;1;1;1;1;1;1;1;1;1;1;1;1;1;1;1;1;1;1;1;1;1;1;1;1;1;1
Return ER;LacticAcid;0;0;0;0;0;0;0;0;0;0;0;0;0;0;0;0;0;0;0;0;0;0;0;0;0;0;0;0;0;0;0;0;0;0;0;0;0;0;0;0;0;0;0;0;0;0;0;0;0;0;0;0;0;0;0;0;0;0;0;0;0;0;0;0;0;0;0;0;0;0;0;0;0;0;0;0;0;0;0;0;0;0;0;0;0;0;0;0;0;0;0;0;0;0;0;0;0;0;0;0
Return ER;ER Triage;0;0;0;0;0;0;0;0;0;0;0;0;0;0;0;0;0;0;0;0;0;0;0;0;0;0;0;0;0;0;0;0;0;0;0;0;0;0;0;0;0;0;0;0;0;0;0;0;0;0;0;0;0;0;0;0;0;0;0;0;0;0;0;0;0;0;0;0;0;0;0;0;0;0;0;0;0;0;0;0;0;0;0;0;0;0;0;0;0;0;0;0;0;0;0;0;0;0;0;0
Return ER;ER Sepsis Triage;0;0;0;0;0;0;0;0;0;0;0;0;0;0;0;0;0;0;0;0;0;0;0;0;0;0;0;0;0;0;0;0;0;0;0;0;0;0;0;0;0;0;0;0;0;0;0;0;0;0;0;0;0;0;0;0;0;0;0;0;0;0;0;0;0;0;0;0;0;0;0;0;0;0;0;0;0;0;0;0;0;0;0;0;0;0;0;0;0;0;0;0;0;0;0;0;0;0;0;0
Return ER;IV Liquid;0;0;0;0;0;0;0;0;0;0;0;0;0;0;0;0;0;0;0;0;0;0;0;0;0;0;0;0;0;0;0;0;0;0;0;0;0;0;0;0;0;0;0;0;0;0;0;0;0;0;0;0;0;0;0;0;0;0;0;0;0;0;0;0;0;0;0;0;0;0;0;0;0;0;0;0;0;0;0;0;0;0;0;0;0;0;0;0;0;0;0;0;0;0;0;0;0;0;0;0
Return ER;IV Antibiotics;0;0;0;0;0;0;0;0;0;0;0;0;0;0;0;0;0;0;0;0;0;0;0;0;0;0;0;0;0;0;0;0;0;0;0;0;0;0;0;0;0;0;0;0;0;0;0;0;0;0;0;0;0;0;0;0;0;0;0;0;0;0;0;0;0;0;0;0;0;0;0;0;0;0;0;0;0;0;0;0;0;0;0;0;0;0;0;0;0;0;0;0;0;0;0;0;0;0;0;0
Return ER;Admission NC;0;0;0;0;0;0;0;0;0;0;0;0;0;0;0;0;0;0;0;0;0;0;0;0;0;0;0;0;0;0;0;0;0;0;0;0;0;0;0;0;0;0;0;0;0;0;0;0;0;0;0;0;0;0;0;0;0;0;0;0;0;0;0;0;0;0;0;0;0;0;0;0;0;0;0;0;0;0;0;0;0;0;0;0;0;0;0;0;0;0;0;0;0;0;0;0;0;0;0;0
Return ER;Release A;0;0;0;0;0;0;0;0;0;0;0;0;0;0;0;0;0;0;0;0;0;0;0;0;0;0;0;0;0;0;0;0;0;0;0;0;0;0;0;0;0;0;0;0;0;0;0;0;0;0;0;0;0;0;0;0;0;0;0;0;0;0;0;0;0;0;0;0;0;0;0;0;0;0;0;0;0;0;0;0;0;0;0;0;0;0;0;0;0;0;0;0;0;0;0;0;0;0;0;0
Return ER;Return ER;0;0;0;0;0;0;0;0;0;0;0;0;0;0;0;0;0;0;0;0;0;0;0;0;0;0;0;0;0;0;0;0;0;0;0;0;0;0;0;0;0;0;0;0;0;0;0;0;0;0;0;0;0;0;0;0;0;0;0;0;0;0;0;0;0;0;0;0;0;0;0;0;0;0;0;0;0;0;0;0;0;0;0;0;0;0;0;0;0;0;0;0;0;0;0;0;0;0;0;0
Return ER;Admission IC;0;0;0;0;0;0;0;0;0;0;0;0;0;0;0;0;0;0;0;0;0;0;0;0;0;0;0;0;0;0;0;0;0;0;0;0;0;0;0;0;0;0;0;0;0;0;0;0;0;0;0;0;0;0;0;0;0;0;0;0;0;0;0;0;0;0;0;0;0;0;0;0;0;0;0;0;0;0;0;0;0;0;0;0;0;0;0;0;0;0;0;0;0;0;0;0;0;0;0;0
Return ER;Release B;0;0;0;0;0;0;0;0;0;0;0;0;0;0;0;0;0;0;0;0;0;0;0;0;0;0;0;0;0;0;0;0;0;0;0;0;0;0;0;0;0;0;0;0;0;0;0;0;0;0;0;0;0;0;0;0;0;0;0;0;0;0;0;0;0;0;0;0;0;0;0;0;0;0;0;0;0;0;0;0;0;0;0;0;0;0;0;0;0;0;0;0;0;0;0;0;0;0;0;0
Return ER;Release C;0;0;0;0;0;0;0;0;0;0;0;0;0;0;0;0;0;0;0;0;0;0;0;0;0;0;0;0;0;0;0;0;0;0;0;0;0;0;0;0;0;0;0;0;0;0;0;0;0;0;0;0;0;0;0;0;0;0;0;0;0;0;0;0;0;0;0;0;0;0;0;0;0;0;0;0;0;0;0;0;0;0;0;0;0;0;0;0;0;0;0;0;0;0;0;0;0;0;0;0
Return ER;Release D;0;0;0;0;0;0;0;0;0;0;0;0;0;0;0;0;0;0;0;0;0;0;0;0;0;0;0;0;0;0;0;0;0;0;0;0;0;0;0;0;0;0;0;0;0;0;0;0;0;0;0;0;0;0;0;0;0;0;0;0;0;0;0;0;0;0;0;0;0;0;0;0;0;0;0;0;0;0;0;0;0;0;0;0;0;0;0;0;0;0;0;0;0;0;0;0;0;0;0;0
Return ER;Release E;0;0;0;0;0;0;0;0;0;0;0;0;0;0;0;0;0;0;0;0;0;0;0;0;0;0;0;0;0;0;0;0;0;0;0;0;0;0;0;0;0;0;0;0;0;0;0;0;0;0;0;0;0;0;0;0;0;0;0;0;0;0;0;0;0;0;0;0;0;0;0;0;0;0;0;0;0;0;0;0;0;0;0;0;0;0;0;0;0;0;0;0;0;0;0;0;0;0;0;0
Return ER;start;0;0;0;0;0;0;0;0;0;0;0;0;0;0;0;0;0;0;0;0;0;0;0;0;0;0;0;0;0;0;0;0;0;0;0;0;0;0;0;0;0;0;0;0;0;0;0;0;0;0;0;0;0;0;0;0;0;0;0;0;0;0;0;0;0;0;0;0;0;0;0;0;0;0;0;0;0;0;0;0;0;0;0;0;0;0;0;0;0;0;0;0;0;0;0;0;0;0;0;0
Return ER;end;1;1;1;1;1;1;1;1;1;1;1;1;6;6;1;1;1;1;1;1;6;6;6;6;1;1;1;1;1;6;1;6;1;1;6;1;1;1;1;6;1;1;1;1;1;1;1;1;6;1;11;1;1;6;1;1;6;1;1;6;1;1;1;6;1;1;1;1;1;1;1;1;1;1;1;1;1;1;1;6;1;6;6;1;1;1;1;1;1;1;1;1;1;1;1;1;1;1;1;1
Admission IC;ER Registration;0;0;0;0;0;0;0;0;0;0;0;0;0;0;0;0;0;0;0;0;0;0;0;0;0;0;0;0;0;0;0;0;0;0;0;0;0;0;0;0;0;0;0;0;0;0;0;0;0;0;0;0;0;0;0;0;0;0;0;0;0;0;0;0;0;0;0;0;0;0;0;0;0;0;0;0;0;0;0;0;0;0;0;0;0;0;0;0;0;0;0;0;0;0;0;0;0;0;0;0
Admission IC;Leucocytes;1;6;6;1;6;1;6;6;1;1;1;6;6;1;11;1;1;1;6;1;6;6;1;1;1;6;1;1;1;11;11;1;6;6;6;6;1;1;1;6;6;1;1;1;1;1;11;1;6;1;11;6;1;1;6;1;1;1;1;1;1;1;1;6;6;1;1;1;6;1;1;1;1;1;1;6;6;1;6;1;1;1;1;1;1;1;1;1;1;1;1;1;1;1;1;1;1;1;1;1
Admission IC;CRP;1;4;1;1;1;1;4;7;1;4;1;1;4;1;1;4;1;1;1;1;1;1;4;1;1;4;1;4;4;1;1;1;1;1;1;1;4;1;4;1;1;1;4;1;1;1;11;1;1;4;4;1;4;7;4;1;1;1;4;1;4;1;1;1;1;1;4;4;4;1;1;1;1;1;1;1;1;4;4;1;4;1;1;1;1;1;1;1;1;1;1;1;1;1;1;1;1;1;1;1
Admission IC;LacticAcid;1;1;1;1;1;1;1;1;1;4;1;1;1;4;4;1;1;1;4;7;1;1;4;1;1;1;7;1;4;4;11;4;1;1;4;1;1;1;1;1;4;4;1;1;4;4;1;1;4;1;1;4;4;1;7;1;1;1;4;1;4;11;7;4;7;1;4;7;1;1;1;4;4;1;1;1;1;1;1;1;1;4;1;1;1;1;1;1;1;1;1;1;1;1;1;1;1;1;1;1
Admission IC;ER Triage;0;0;0;0;0;0;0;0;0;0;0;0;0;0;0;0;0;0;0;0;0;0;0;0;0;0;0;0;0;0;0;0;0;0;0;0;0;0;0;0;0;0;0;0;0;0;0;0;0;0;0;0;0;0;0;0;0;0;0;0;0;0;0;0;0;0;0;0;0;0;0;0;0;0;0;0;0;0;0;0;0;0;0;0;0;0;0;0;0;0;0;0;0;0;0;0;0;0;0;0
Admission IC;ER Sepsis Triage;1;1;1;1;1;1;1;1;1;1;1;1;1;1;1;1;1;1;1;1;1;1;1;1;1;1;1;1;1;11;1;1;1;1;1;1;1;1;1;1;1;1;1;1;1;1;1;1;1;1;1;1;1;1;1;1;1;1;1;1;1;1;1;1;1;1;1;1;1;1;1;1;1;1;1;1;1;1;1;1;1;1;1;1;1;1;1;1;1;1;1;1;1;1;1;1;1;1;1;1
Admission IC;IV Liquid;0;0;0;0;0;0;0;0;0;0;0;0;0;0;0;0;0;0;0;0;0;0;0;0;0;0;0;0;0;0;0;0;0;0;0;0;0;0;0;0;0;0;0;0;0;0;0;0;0;0;0;0;0;0;0;0;0;0;0;0;0;0;0;0;0;0;0;0;0;0;0;0;0;0;0;0;0;0;0;0;0;0;0;0;0;0;0;0;0;0;0;0;0;0;0;0;0;0;0;0
Admission IC;IV Antibiotics;0;0;0;0;0;0;0;0;0;0;0;0;0;0;0;0;0;0;0;0;0;0;0;0;0;0;0;0;0;0;0;0;0;0;0;0;0;0;0;0;0;0;0;0;0;0;0;0;0;0;0;0;0;0;0;0;0;0;0;0;0;0;0;0;0;0;0;0;0;0;0;0;0;0;0;0;0;0;0;0;0;0;0;0;0;0;0;0;0;0;0;0;0;0;0;0;0;0;0;0
Admission IC;Admission NC;1;1;1;1;1;1;1;1;1;1;1;1;1;1;1;1;1;1;1;1;1;6;1;1;1;11;1;1;6;1;1;1;1;1;1;1;1;1;1;1;1;1;1;1;1;1;1;1;1;1;1;1;1;1;1;1;1;1;1;1;1;1;1;1;1;1;1;1;1;1;1;1;1;1;1;1;1;1;1;1;1;1;1;1;1;1;1;1;1;1;1;1;1;1;1;1;1;1;1;1
Admission IC;Release A;0;0;0;0;0;0;0;0;0;0;0;0;0;0;0;0;0;0;0;0;0;0;0;0;0;0;0;0;0;0;0;0;0;0;0;0;0;0;0;0;0;0;0;0;0;0;0;0;0;0;0;0;0;0;0;0;0;0;0;0;0;0;0;0;0;0;0;0;0;0;0;0;0;0;0;0;0;0;0;0;0;0;0;0;0;0;0;0;0;0;0;0;0;0;0;0;0;0;0;0
Admission IC;Return ER;0;0;0;0;0;0;0;0;0;0;0;0;0;0;0;0;0;0;0;0;0;0;0;0;0;0;0;0;0;0;0;0;0;0;0;0;0;0;0;0;0;0;0;0;0;0;0;0;0;0;0;0;0;0;0;0;0;0;0;0;0;0;0;0;0;0;0;0;0;0;0;0;0;0;0;0;0;0;0;0;0;0;0;0;0;0;0;0;0;0;0;0;0;0;0;0;0;0;0;0
Admission IC;Admission IC;1;1;1;1;1;1;1;1;1;1;1;1;1;1;1;1;1;1;1;1;1;1;1;1;1;1;1;1;1;1;1;1;1;1;1;1;1;1;1;1;1;1;1;1;1;1;1;1;1;1;1;1;1;1;1;1;1;1;1;1;1;1;1;1;1;1;1;1;11;1;1;1;1;1;1;1;1;1;1;1;1;1;1;1;1;1;1;1;1;1;1;1;1;1;1;1;1;1;1;1
Admission IC;Release B;0;0;0;0;0;0;0;0;0;0;0;0;0;0;0;0;0;0;0;0;0;0;0;0;0;0;0;0;0;0;0;0;0;0;0;0;0;0;0;0;0;0;0;0;0;0;0;0;0;0;0;0;0;0;0;0;0;0;0;0;0;0;0;0;0;0;0;0;0;0;0;0;0;0;0;0;0;0;0;0;0;0;0;0;0;0;0;0;0;0;0;0;0;0;0;0;0;0;0;0
Admission IC;Release C;0;0;0;0;0;0;0;0;0;0;0;0;0;0;0;0;0;0;0;0;0;0;0;0;0;0;0;0;0;0;0;0;0;0;0;0;0;0;0;0;0;0;0;0;0;0;0;0;0;0;0;0;0;0;0;0;0;0;0;0;0;0;0;0;0;0;0;0;0;0;0;0;0;0;0;0;0;0;0;0;0;0;0;0;0;0;0;0;0;0;0;0;0;0;0;0;0;0;0;0
Admission IC;Release D;0;0;0;0;0;0;0;0;0;0;0;0;0;0;0;0;0;0;0;0;0;0;0;0;0;0;0;0;0;0;0;0;0;0;0;0;0;0;0;0;0;0;0;0;0;0;0;0;0;0;0;0;0;0;0;0;0;0;0;0;0;0;0;0;0;0;0;0;0;0;0;0;0;0;0;0;0;0;0;0;0;0;0;0;0;0;0;0;0;0;0;0;0;0;0;0;0;0;0;0
Admission IC;Release E;0;0;0;0;0;0;0;0;0;0;0;0;0;0;0;0;0;0;0;0;0;0;0;0;0;0;0;0;0;0;0;0;0;0;0;0;0;0;0;0;0;0;0;0;0;0;0;0;0;0;0;0;0;0;0;0;0;0;0;0;0;0;0;0;0;0;0;0;0;0;0;0;0;0;0;0;0;0;0;0;0;0;0;0;0;0;0;0;0;0;0;0;0;0;0;0;0;0;0;0
Admission IC;start;0;0;0;0;0;0;0;0;0;0;0;0;0;0;0;0;0;0;0;0;0;0;0;0;0;0;0;0;0;0;0;0;0;0;0;0;0;0;0;0;0;0;0;0;0;0;0;0;0;0;0;0;0;0;0;0;0;0;0;0;0;0;0;0;0;0;0;0;0;0;0;0;0;0;0;0;0;0;0;0;0;0;0;0;0;0;0;0;0;0;0;0;0;0;0;0;0;0;0;0
Admission IC;end;1;1;1;1;1;1;1;1;1;1;1;1;1;1;1;1;1;1;1;1;1;11;1;1;11;1;1;1;1;1;1;1;1;1;1;1;1;1;1;1;1;1;1;1;1;1;1;1;1;11;1;1;1;1;1;1;1;1;1;1;1;1;1;1;1;1;1;1;1;1;1;1;1;1;1;1;1;1;1;1;1;1;1;1;1;1;1;1;1;1;1;1;1;1;1;1;1;1;1;1
Release B;ER Registration;0;0;0;0;0;0;0;0;0;0;0;0;0;0;0;0;0;0;0;0;0;0;0;0;0;0;0;0;0;0;0;0;0;0;0;0;0;0;0;0;0;0;0;0;0;0;0;0;0;0;0;0;0;0;0;0;0;0;0;0;0;0;0;0;0;0;0;0;0;0;0;0;0;0;0;0;0;0;0;0;0;0;0;0;0;0;0;0;0;0;0;0;0;0;0;0;0;0;0;0
Release B;Leucocytes;0;0;0;0;0;0;0;0;0;0;0;0;0;0;0;0;0;0;0;0;0;0;0;0;0;0;0;0;0;0;0;0;0;0;0;0;0;0;0;0;0;0;0;0;0;0;0;0;0;0;0;0;0;0;0;0;0;0;0;0;0;0;0;0;0;0;0;0;0;0;0;0;0;0;0;0;0;0;0;0;0;0;0;0;0;0;0;0;0;0;0;0;0;0;0;0;0;0;0;0
Release B;CRP;0;0;0;0;0;0;0;0;0;0;0;0;0;0;0;0;0;0;0;0;0;0;0;0;0;0;0;0;0;0;0;0;0;0;0;0;0;0;0;0;0;0;0;0;0;0;0;0;0;0;0;0;0;0;0;0;0;0;0;0;0;0;0;0;0;0;0;0;0;0;0;0;0;0;0;0;0;0;0;0;0;0;0;0;0;0;0;0;0;0;0;0;0;0;0;0;0;0;0;0
Release B;LacticAcid;0;0;0;0;0;0;0;0;0;0;0;0;0;0;0;0;0;0;0;0;0;0;0;0;0;0;0;0;0;0;0;0;0;0;0;0;0;0;0;0;0;0;0;0;0;0;0;0;0;0;0;0;0;0;0;0;0;0;0;0;0;0;0;0;0;0;0;0;0;0;0;0;0;0;0;0;0;0;0;0;0;0;0;0;0;0;0;0;0;0;0;0;0;0;0;0;0;0;0;0
Release B;ER Triage;0;0;0;0;0;0;0;0;0;0;0;0;0;0;0;0;0;0;0;0;0;0;0;0;0;0;0;0;0;0;0;0;0;0;0;0;0;0;0;0;0;0;0;0;0;0;0;0;0;0;0;0;0;0;0;0;0;0;0;0;0;0;0;0;0;0;0;0;0;0;0;0;0;0;0;0;0;0;0;0;0;0;0;0;0;0;0;0;0;0;0;0;0;0;0;0;0;0;0;0
Release B;ER Sepsis Triage;0;0;0;0;0;0;0;0;0;0;0;0;0;0;0;0;0;0;0;0;0;0;0;0;0;0;0;0;0;0;0;0;0;0;0;0;0;0;0;0;0;0;0;0;0;0;0;0;0;0;0;0;0;0;0;0;0;0;0;0;0;0;0;0;0;0;0;0;0;0;0;0;0;0;0;0;0;0;0;0;0;0;0;0;0;0;0;0;0;0;0;0;0;0;0;0;0;0;0;0
Release B;IV Liquid;0;0;0;0;0;0;0;0;0;0;0;0;0;0;0;0;0;0;0;0;0;0;0;0;0;0;0;0;0;0;0;0;0;0;0;0;0;0;0;0;0;0;0;0;0;0;0;0;0;0;0;0;0;0;0;0;0;0;0;0;0;0;0;0;0;0;0;0;0;0;0;0;0;0;0;0;0;0;0;0;0;0;0;0;0;0;0;0;0;0;0;0;0;0;0;0;0;0;0;0
Release B;IV Antibiotics;0;0;0;0;0;0;0;0;0;0;0;0;0;0;0;0;0;0;0;0;0;0;0;0;0;0;0;0;0;0;0;0;0;0;0;0;0;0;0;0;0;0;0;0;0;0;0;0;0;0;0;0;0;0;0;0;0;0;0;0;0;0;0;0;0;0;0;0;0;0;0;0;0;0;0;0;0;0;0;0;0;0;0;0;0;0;0;0;0;0;0;0;0;0;0;0;0;0;0;0
Release B;Admission NC;1;1;1;1;1;1;1;1;1;1;1;1;1;1;1;1;1;1;1;1;1;1;1;1;1;1;1;1;1;1;1;1;1;1;1;1;1;1;1;1;1;1;1;1;1;1;1;1;1;1;1;1;1;1;1;11;1;1;1;1;1;1;1;1;1;1;1;1;1;1;1;1;1;1;1;1;1;1;1;1;1;1;1;1;1;1;1;1;1;1;1;1;1;1;1;1;1;1;1;1
Release B;Release A;0;0;0;0;0;0;0;0;0;0;0;0;0;0;0;0;0;0;0;0;0;0;0;0;0;0;0;0;0;0;0;0;0;0;0;0;0;0;0;0;0;0;0;0;0;0;0;0;0;0;0;0;0;0;0;0;0;0;0;0;0;0;0;0;0;0;0;0;0;0;0;0;0;0;0;0;0;0;0;0;0;0;0;0;0;0;0;0;0;0;0;0;0;0;0;0;0;0;0;0
Release B;Return ER;0;0;0;0;0;0;0;0;0;0;0;0;0;0;0;0;0;0;0;0;0;0;0;0;0;0;0;0;0;0;0;0;0;0;0;0;0;0;0;0;0;0;0;0;0;0;0;0;0;0;0;0;0;0;0;0;0;0;0;0;0;0;0;0;0;0;0;0;0;0;0;0;0;0;0;0;0;0;0;0;0;0;0;0;0;0;0;0;0;0;0;0;0;0;0;0;0;0;0;0
Release B;Admission IC;0;0;0;0;0;0;0;0;0;0;0;0;0;0;0;0;0;0;0;0;0;0;0;0;0;0;0;0;0;0;0;0;0;0;0;0;0;0;0;0;0;0;0;0;0;0;0;0;0;0;0;0;0;0;0;0;0;0;0;0;0;0;0;0;0;0;0;0;0;0;0;0;0;0;0;0;0;0;0;0;0;0;0;0;0;0;0;0;0;0;0;0;0;0;0;0;0;0;0;0
Release B;Release B;0;0;0;0;0;0;0;0;0;0;0;0;0;0;0;0;0;0;0;0;0;0;0;0;0;0;0;0;0;0;0;0;0;0;0;0;0;0;0;0;0;0;0;0;0;0;0;0;0;0;0;0;0;0;0;0;0;0;0;0;0;0;0;0;0;0;0;0;0;0;0;0;0;0;0;0;0;0;0;0;0;0;0;0;0;0;0;0;0;0;0;0;0;0;0;0;0;0;0;0
Release B;Release C;0;0;0;0;0;0;0;0;0;0;0;0;0;0;0;0;0;0;0;0;0;0;0;0;0;0;0;0;0;0;0;0;0;0;0;0;0;0;0;0;0;0;0;0;0;0;0;0;0;0;0;0;0;0;0;0;0;0;0;0;0;0;0;0;0;0;0;0;0;0;0;0;0;0;0;0;0;0;0;0;0;0;0;0;0;0;0;0;0;0;0;0;0;0;0;0;0;0;0;0
Release B;Release D;0;0;0;0;0;0;0;0;0;0;0;0;0;0;0;0;0;0;0;0;0;0;0;0;0;0;0;0;0;0;0;0;0;0;0;0;0;0;0;0;0;0;0;0;0;0;0;0;0;0;0;0;0;0;0;0;0;0;0;0;0;0;0;0;0;0;0;0;0;0;0;0;0;0;0;0;0;0;0;0;0;0;0;0;0;0;0;0;0;0;0;0;0;0;0;0;0;0;0;0
Release B;Release E;0;0;0;0;0;0;0;0;0;0;0;0;0;0;0;0;0;0;0;0;0;0;0;0;0;0;0;0;0;0;0;0;0;0;0;0;0;0;0;0;0;0;0;0;0;0;0;0;0;0;0;0;0;0;0;0;0;0;0;0;0;0;0;0;0;0;0;0;0;0;0;0;0;0;0;0;0;0;0;0;0;0;0;0;0;0;0;0;0;0;0;0;0;0;0;0;0;0;0;0
Release B;start;0;0;0;0;0;0;0;0;0;0;0;0;0;0;0;0;0;0;0;0;0;0;0;0;0;0;0;0;0;0;0;0;0;0;0;0;0;0;0;0;0;0;0;0;0;0;0;0;0;0;0;0;0;0;0;0;0;0;0;0;0;0;0;0;0;0;0;0;0;0;0;0;0;0;0;0;0;0;0;0;0;0;0;0;0;0;0;0;0;0;0;0;0;0;0;0;0;0;0;0
Release B;end;1;6;1;1;6;6;1;1;1;6;1;11;6;1;1;1;6;6;1;1;6;11;11;1;1;11;1;1;1;11;6;6;1;6;1;1;6;1;1;1;6;1;1;1;1;1;1;1;1;11;1;1;1;11;1;1;1;6;6;11;6;6;1;6;6;6;1;1;1;1;1;1;1;1;1;1;1;6;1;1;6;6;1;1;1;1;1;1;1;1;1;1;1;1;1;1;1;1;1;1
Release C;ER Registration;0;0;0;0;0;0;0;0;0;0;0;0;0;0;0;0;0;0;0;0;0;0;0;0;0;0;0;0;0;0;0;0;0;0;0;0;0;0;0;0;0;0;0;0;0;0;0;0;0;0;0;0;0;0;0;0;0;0;0;0;0;0;0;0;0;0;0;0;0;0;0;0;0;0;0;0;0;0;0;0;0;0;0;0;0;0;0;0;0;0;0;0;0;0;0;0;0;0;0;0
Release C;Leucocytes;0;0;0;0;0;0;0;0;0;0;0;0;0;0;0;0;0;0;0;0;0;0;0;0;0;0;0;0;0;0;0;0;0;0;0;0;0;0;0;0;0;0;0;0;0;0;0;0;0;0;0;0;0;0;0;0;0;0;0;0;0;0;0;0;0;0;0;0;0;0;0;0;0;0;0;0;0;0;0;0;0;0;0;0;0;0;0;0;0;0;0;0;0;0;0;0;0;0;0;0
Release C;CRP;0;0;0;0;0;0;0;0;0;0;0;0;0;0;0;0;0;0;0;0;0;0;0;0;0;0;0;0;0;0;0;0;0;0;0;0;0;0;0;0;0;0;0;0;0;0;0;0;0;0;0;0;0;0;0;0;0;0;0;0;0;0;0;0;0;0;0;0;0;0;0;0;0;0;0;0;0;0;0;0;0;0;0;0;0;0;0;0;0;0;0;0;0;0;0;0;0;0;0;0
Release C;LacticAcid;0;0;0;0;0;0;0;0;0;0;0;0;0;0;0;0;0;0;0;0;0;0;0;0;0;0;0;0;0;0;0;0;0;0;0;0;0;0;0;0;0;0;0;0;0;0;0;0;0;0;0;0;0;0;0;0;0;0;0;0;0;0;0;0;0;0;0;0;0;0;0;0;0;0;0;0;0;0;0;0;0;0;0;0;0;0;0;0;0;0;0;0;0;0;0;0;0;0;0;0
Release C;ER Triage;0;0;0;0;0;0;0;0;0;0;0;0;0;0;0;0;0;0;0;0;0;0;0;0;0;0;0;0;0;0;0;0;0;0;0;0;0;0;0;0;0;0;0;0;0;0;0;0;0;0;0;0;0;0;0;0;0;0;0;0;0;0;0;0;0;0;0;0;0;0;0;0;0;0;0;0;0;0;0;0;0;0;0;0;0;0;0;0;0;0;0;0;0;0;0;0;0;0;0;0
Release C;ER Sepsis Triage;0;0;0;0;0;0;0;0;0;0;0;0;0;0;0;0;0;0;0;0;0;0;0;0;0;0;0;0;0;0;0;0;0;0;0;0;0;0;0;0;0;0;0;0;0;0;0;0;0;0;0;0;0;0;0;0;0;0;0;0;0;0;0;0;0;0;0;0;0;0;0;0;0;0;0;0;0;0;0;0;0;0;0;0;0;0;0;0;0;0;0;0;0;0;0;0;0;0;0;0
Release C;IV Liquid;0;0;0;0;0;0;0;0;0;0;0;0;0;0;0;0;0;0;0;0;0;0;0;0;0;0;0;0;0;0;0;0;0;0;0;0;0;0;0;0;0;0;0;0;0;0;0;0;0;0;0;0;0;0;0;0;0;0;0;0;0;0;0;0;0;0;0;0;0;0;0;0;0;0;0;0;0;0;0;0;0;0;0;0;0;0;0;0;0;0;0;0;0;0;0;0;0;0;0;0
Release C;IV Antibiotics;0;0;0;0;0;0;0;0;0;0;0;0;0;0;0;0;0;0;0;0;0;0;0;0;0;0;0;0;0;0;0;0;0;0;0;0;0;0;0;0;0;0;0;0;0;0;0;0;0;0;0;0;0;0;0;0;0;0;0;0;0;0;0;0;0;0;0;0;0;0;0;0;0;0;0;0;0;0;0;0;0;0;0;0;0;0;0;0;0;0;0;0;0;0;0;0;0;0;0;0
Release C;Admission NC;0;0;0;0;0;0;0;0;0;0;0;0;0;0;0;0;0;0;0;0;0;0;0;0;0;0;0;0;0;0;0;0;0;0;0;0;0;0;0;0;0;0;0;0;0;0;0;0;0;0;0;0;0;0;0;0;0;0;0;0;0;0;0;0;0;0;0;0;0;0;0;0;0;0;0;0;0;0;0;0;0;0;0;0;0;0;0;0;0;0;0;0;0;0;0;0;0;0;0;0
Release C;Release A;0;0;0;0;0;0;0;0;0;0;0;0;0;0;0;0;0;0;0;0;0;0;0;0;0;0;0;0;0;0;0;0;0;0;0;0;0;0;0;0;0;0;0;0;0;0;0;0;0;0;0;0;0;0;0;0;0;0;0;0;0;0;0;0;0;0;0;0;0;0;0;0;0;0;0;0;0;0;0;0;0;0;0;0;0;0;0;0;0;0;0;0;0;0;0;0;0;0;0;0
Release C;Return ER;0;0;0;0;0;0;0;0;0;0;0;0;0;0;0;0;0;0;0;0;0;0;0;0;0;0;0;0;0;0;0;0;0;0;0;0;0;0;0;0;0;0;0;0;0;0;0;0;0;0;0;0;0;0;0;0;0;0;0;0;0;0;0;0;0;0;0;0;0;0;0;0;0;0;0;0;0;0;0;0;0;0;0;0;0;0;0;0;0;0;0;0;0;0;0;0;0;0;0;0
Release C;Admission IC;0;0;0;0;0;0;0;0;0;0;0;0;0;0;0;0;0;0;0;0;0;0;0;0;0;0;0;0;0;0;0;0;0;0;0;0;0;0;0;0;0;0;0;0;0;0;0;0;0;0;0;0;0;0;0;0;0;0;0;0;0;0;0;0;0;0;0;0;0;0;0;0;0;0;0;0;0;0;0;0;0;0;0;0;0;0;0;0;0;0;0;0;0;0;0;0;0;0;0;0
Release C;Release B;0;0;0;0;0;0;0;0;0;0;0;0;0;0;0;0;0;0;0;0;0;0;0;0;0;0;0;0;0;0;0;0;0;0;0;0;0;0;0;0;0;0;0;0;0;0;0;0;0;0;0;0;0;0;0;0;0;0;0;0;0;0;0;0;0;0;0;0;0;0;0;0;0;0;0;0;0;0;0;0;0;0;0;0;0;0;0;0;0;0;0;0;0;0;0;0;0;0;0;0
Release C;Release C;0;0;0;0;0;0;0;0;0;0;0;0;0;0;0;0;0;0;0;0;0;0;0;0;0;0;0;0;0;0;0;0;0;0;0;0;0;0;0;0;0;0;0;0;0;0;0;0;0;0;0;0;0;0;0;0;0;0;0;0;0;0;0;0;0;0;0;0;0;0;0;0;0;0;0;0;0;0;0;0;0;0;0;0;0;0;0;0;0;0;0;0;0;0;0;0;0;0;0;0
Release C;Release D;0;0;0;0;0;0;0;0;0;0;0;0;0;0;0;0;0;0;0;0;0;0;0;0;0;0;0;0;0;0;0;0;0;0;0;0;0;0;0;0;0;0;0;0;0;0;0;0;0;0;0;0;0;0;0;0;0;0;0;0;0;0;0;0;0;0;0;0;0;0;0;0;0;0;0;0;0;0;0;0;0;0;0;0;0;0;0;0;0;0;0;0;0;0;0;0;0;0;0;0
Release C;Release E;0;0;0;0;0;0;0;0;0;0;0;0;0;0;0;0;0;0;0;0;0;0;0;0;0;0;0;0;0;0;0;0;0;0;0;0;0;0;0;0;0;0;0;0;0;0;0;0;0;0;0;0;0;0;0;0;0;0;0;0;0;0;0;0;0;0;0;0;0;0;0;0;0;0;0;0;0;0;0;0;0;0;0;0;0;0;0;0;0;0;0;0;0;0;0;0;0;0;0;0
Release C;start;0;0;0;0;0;0;0;0;0;0;0;0;0;0;0;0;0;0;0;0;0;0;0;0;0;0;0;0;0;0;0;0;0;0;0;0;0;0;0;0;0;0;0;0;0;0;0;0;0;0;0;0;0;0;0;0;0;0;0;0;0;0;0;0;0;0;0;0;0;0;0;0;0;0;0;0;0;0;0;0;0;0;0;0;0;0;0;0;0;0;0;0;0;0;0;0;0;0;0;0
Release C;end;1;1;1;1;1;1;1;1;1;1;1;1;1;1;1;1;1;1;1;1;1;1;6;1;1;1;6;1;1;1;6;1;1;1;1;1;1;6;1;1;1;1;6;1;1;1;6;1;1;1;1;6;11;1;1;1;6;1;1;1;1;1;1;1;1;1;1;6;1;1;1;1;1;1;1;1;1;1;1;1;1;1;1;1;1;1;1;1;1;1;1;1;1;1;1;1;1;1;1;1
Release D;ER Registration;0;0;0;0;0;0;0;0;0;0;0;0;0;0;0;0;0;0;0;0;0;0;0;0;0;0;0;0;0;0;0;0;0;0;0;0;0;0;0;0;0;0;0;0;0;0;0;0;0;0;0;0;0;0;0;0;0;0;0;0;0;0;0;0;0;0;0;0;0;0;0;0;0;0;0;0;0;0;0;0;0;0;0;0;0;0;0;0;0;0;0;0;0;0;0;0;0;0;0;0
Release D;Leucocytes;0;0;0;0;0;0;0;0;0;0;0;0;0;0;0;0;0;0;0;0;0;0;0;0;0;0;0;0;0;0;0;0;0;0;0;0;0;0;0;0;0;0;0;0;0;0;0;0;0;0;0;0;0;0;0;0;0;0;0;0;0;0;0;0;0;0;0;0;0;0;0;0;0;0;0;0;0;0;0;0;0;0;0;0;0;0;0;0;0;0;0;0;0;0;0;0;0;0;0;0
Release D;CRP;0;0;0;0;0;0;0;0;0;0;0;0;0;0;0;0;0;0;0;0;0;0;0;0;0;0;0;0;0;0;0;0;0;0;0;0;0;0;0;0;0;0;0;0;0;0;0;0;0;0;0;0;0;0;0;0;0;0;0;0;0;0;0;0;0;0;0;0;0;0;0;0;0;0;0;0;0;0;0;0;0;0;0;0;0;0;0;0;0;0;0;0;0;0;0;0;0;0;0;0
Release D;LacticAcid;0;0;0;0;0;0;0;0;0;0;0;0;0;0;0;0;0;0;0;0;0;0;0;0;0;0;0;0;0;0;0;0;0;0;0;0;0;0;0;0;0;0;0;0;0;0;0;0;0;0;0;0;0;0;0;0;0;0;0;0;0;0;0;0;0;0;0;0;0;0;0;0;0;0;0;0;0;0;0;0;0;0;0;0;0;0;0;0;0;0;0;0;0;0;0;0;0;0;0;0
Release D;ER Triage;0;0;0;0;0;0;0;0;0;0;0;0;0;0;0;0;0;0;0;0;0;0;0;0;0;0;0;0;0;0;0;0;0;0;0;0;0;0;0;0;0;0;0;0;0;0;0;0;0;0;0;0;0;0;0;0;0;0;0;0;0;0;0;0;0;0;0;0;0;0;0;0;0;0;0;0;0;0;0;0;0;0;0;0;0;0;0;0;0;0;0;0;0;0;0;0;0;0;0;0
Release D;ER Sepsis Triage;0;0;0;0;0;0;0;0;0;0;0;0;0;0;0;0;0;0;0;0;0;0;0;0;0;0;0;0;0;0;0;0;0;0;0;0;0;0;0;0;0;0;0;0;0;0;0;0;0;0;0;0;0;0;0;0;0;0;0;0;0;0;0;0;0;0;0;0;0;0;0;0;0;0;0;0;0;0;0;0;0;0;0;0;0;0;0;0;0;0;0;0;0;0;0;0;0;0;0;0
Release D;IV Liquid;0;0;0;0;0;0;0;0;0;0;0;0;0;0;0;0;0;0;0;0;0;0;0;0;0;0;0;0;0;0;0;0;0;0;0;0;0;0;0;0;0;0;0;0;0;0;0;0;0;0;0;0;0;0;0;0;0;0;0;0;0;0;0;0;0;0;0;0;0;0;0;0;0;0;0;0;0;0;0;0;0;0;0;0;0;0;0;0;0;0;0;0;0;0;0;0;0;0;0;0
Release D;IV Antibiotics;0;0;0;0;0;0;0;0;0;0;0;0;0;0;0;0;0;0;0;0;0;0;0;0;0;0;0;0;0;0;0;0;0;0;0;0;0;0;0;0;0;0;0;0;0;0;0;0;0;0;0;0;0;0;0;0;0;0;0;0;0;0;0;0;0;0;0;0;0;0;0;0;0;0;0;0;0;0;0;0;0;0;0;0;0;0;0;0;0;0;0;0;0;0;0;0;0;0;0;0
Release D;Admission NC;0;0;0;0;0;0;0;0;0;0;0;0;0;0;0;0;0;0;0;0;0;0;0;0;0;0;0;0;0;0;0;0;0;0;0;0;0;0;0;0;0;0;0;0;0;0;0;0;0;0;0;0;0;0;0;0;0;0;0;0;0;0;0;0;0;0;0;0;0;0;0;0;0;0;0;0;0;0;0;0;0;0;0;0;0;0;0;0;0;0;0;0;0;0;0;0;0;0;0;0
Release D;Release A;0;0;0;0;0;0;0;0;0;0;0;0;0;0;0;0;0;0;0;0;0;0;0;0;0;0;0;0;0;0;0;0;0;0;0;0;0;0;0;0;0;0;0;0;0;0;0;0;0;0;0;0;0;0;0;0;0;0;0;0;0;0;0;0;0;0;0;0;0;0;0;0;0;0;0;0;0;0;0;0;0;0;0;0;0;0;0;0;0;0;0;0;0;0;0;0;0;0;0;0
Release D;Return ER;1;1;1;1;1;1;1;1;1;1;1;1;1;1;1;1;1;1;1;1;1;1;1;1;1;1;1;1;1;1;1;1;1;1;1;1;1;1;1;1;1;1;1;1;1;1;1;1;1;1;1;1;1;1;1;1;1;1;1;1;1;1;1;1;1;1;1;1;1;1;1;1;1;1;1;1;1;1;1;1;1;1;11;1;1;1;1;1;1;1;1;1;1;1;1;1;1;1;1;1
Release D;Admission IC;0;0;0;0;0;0;0;0;0;0;0;0;0;0;0;0;0;0;0;0;0;0;0;0;0;0;0;0;0;0;0;0;0;0;0;0;0;0;0;0;0;0;0;0;0;0;0;0;0;0;0;0;0;0;0;0;0;0;0;0;0;0;0;0;0;0;0;0;0;0;0;0;0;0;0;0;0;0;0;0;0;0;0;0;0;0;0;0;0;0;0;0;0;0;0;0;0;0;0;0
Release D;Release B;0;0;0;0;0;0;0;0;0;0;0;0;0;0;0;0;0;0;0;0;0;0;0;0;0;0;0;0;0;0;0;0;0;0;0;0;0;0;0;0;0;0;0;0;0;0;0;0;0;0;0;0;0;0;0;0;0;0;0;0;0;0;0;0;0;0;0;0;0;0;0;0;0;0;0;0;0;0;0;0;0;0;0;0;0;0;0;0;0;0;0;0;0;0;0;0;0;0;0;0
Release D;Release C;0;0;0;0;0;0;0;0;0;0;0;0;0;0;0;0;0;0;0;0;0;0;0;0;0;0;0;0;0;0;0;0;0;0;0;0;0;0;0;0;0;0;0;0;0;0;0;0;0;0;0;0;0;0;0;0;0;0;0;0;0;0;0;0;0;0;0;0;0;0;0;0;0;0;0;0;0;0;0;0;0;0;0;0;0;0;0;0;0;0;0;0;0;0;0;0;0;0;0;0
Release D;Release D;0;0;0;0;0;0;0;0;0;0;0;0;0;0;0;0;0;0;0;0;0;0;0;0;0;0;0;0;0;0;0;0;0;0;0;0;0;0;0;0;0;0;0;0;0;0;0;0;0;0;0;0;0;0;0;0;0;0;0;0;0;0;0;0;0;0;0;0;0;0;0;0;0;0;0;0;0;0;0;0;0;0;0;0;0;0;0;0;0;0;0;0;0;0;0;0;0;0;0;0
Release D;Release E;0;0;0;0;0;0;0;0;0;0;0;0;0;0;0;0;0;0;0;0;0;0;0;0;0;0;0;0;0;0;0;0;0;0;0;0;0;0;0;0;0;0;0;0;0;0;0;0;0;0;0;0;0;0;0;0;0;0;0;0;0;0;0;0;0;0;0;0;0;0;0;0;0;0;0;0;0;0;0;0;0;0;0;0;0;0;0;0;0;0;0;0;0;0;0;0;0;0;0;0
Release D;start;0;0;0;0;0;0;0;0;0;0;0;0;0;0;0;0;0;0;0;0;0;0;0;0;0;0;0;0;0;0;0;0;0;0;0;0;0;0;0;0;0;0;0;0;0;0;0;0;0;0;0;0;0;0;0;0;0;0;0;0;0;0;0;0;0;0;0;0;0;0;0;0;0;0;0;0;0;0;0;0;0;0;0;0;0;0;0;0;0;0;0;0;0;0;0;0;0;0;0;0
Release D;end;1;1;1;1;1;1;1;1;1;11;1;1;1;1;1;1;1;11;1;1;1;1;1;1;1;1;1;11;1;1;1;1;1;1;1;1;1;11;1;1;11;1;1;1;1;1;1;1;1;11;1;1;1;1;1;1;1;1;1;1;1;1;1;11;1;1;1;1;1;1;1;11;11;11;11;1;1;1;11;1;1;1;1;1;1;1;1;1;1;1;1;1;1;1;1;1;1;1;1;1
Release E;ER Registration;0;0;0;0;0;0;0;0;0;0;0;0;0;0;0;0;0;0;0;0;0;0;0;0;0;0;0;0;0;0;0;0;0;0;0;0;0;0;0;0;0;0;0;0;0;0;0;0;0;0;0;0;0;0;0;0;0;0;0;0;0;0;0;0;0;0;0;0;0;0;0;0;0;0;0;0;0;0;0;0;0;0;0;0;0;0;0;0;0;0;0;0;0;0;0;0;0;0;0;0
Release E;Leucocytes;0;0;0;0;0;0;0;0;0;0;0;0;0;0;0;0;0;0;0;0;0;0;0;0;0;0;0;0;0;0;0;0;0;0;0;0;0;0;0;0;0;0;0;0;0;0;0;0;0;0;0;0;0;0;0;0;0;0;0;0;0;0;0;0;0;0;0;0;0;0;0;0;0;0;0;0;0;0;0;0;0;0;0;0;0;0;0;0;0;0;0;0;0;0;0;0;0;0;0;0
Release E;CRP;0;0;0;0;0;0;0;0;0;0;0;0;0;0;0;0;0;0;0;0;0;0;0;0;0;0;0;0;0;0;0;0;0;0;0;0;0;0;0;0;0;0;0;0;0;0;0;0;0;0;0;0;0;0;0;0;0;0;0;0;0;0;0;0;0;0;0;0;0;0;0;0;0;0;0;0;0;0;0;0;0;0;0;0;0;0;0;0;0;0;0;0;0;0;0;0;0;0;0;0
Release E;LacticAcid;0;0;0;0;0;0;0;0;0;0;0;0;0;0;0;0;0;0;0;0;0;0;0;0;0;0;0;0;0;0;0;0;0;0;0;0;0;0;0;0;0;0;0;0;0;0;0;0;0;0;0;0;0;0;0;0;0;0;0;0;0;0;0;0;0;0;0;0;0;0;0;0;0;0;0;0;0;0;0;0;0;0;0;0;0;0;0;0;0;0;0;0;0;0;0;0;0;0;0;0
Release E;ER Triage;0;0;0;0;0;0;0;0;0;0;0;0;0;0;0;0;0;0;0;0;0;0;0;0;0;0;0;0;0;0;0;0;0;0;0;0;0;0;0;0;0;0;0;0;0;0;0;0;0;0;0;0;0;0;0;0;0;0;0;0;0;0;0;0;0;0;0;0;0;0;0;0;0;0;0;0;0;0;0;0;0;0;0;0;0;0;0;0;0;0;0;0;0;0;0;0;0;0;0;0
Release E;ER Sepsis Triage;0;0;0;0;0;0;0;0;0;0;0;0;0;0;0;0;0;0;0;0;0;0;0;0;0;0;0;0;0;0;0;0;0;0;0;0;0;0;0;0;0;0;0;0;0;0;0;0;0;0;0;0;0;0;0;0;0;0;0;0;0;0;0;0;0;0;0;0;0;0;0;0;0;0;0;0;0;0;0;0;0;0;0;0;0;0;0;0;0;0;0;0;0;0;0;0;0;0;0;0
Release E;IV Liquid;0;0;0;0;0;0;0;0;0;0;0;0;0;0;0;0;0;0;0;0;0;0;0;0;0;0;0;0;0;0;0;0;0;0;0;0;0;0;0;0;0;0;0;0;0;0;0;0;0;0;0;0;0;0;0;0;0;0;0;0;0;0;0;0;0;0;0;0;0;0;0;0;0;0;0;0;0;0;0;0;0;0;0;0;0;0;0;0;0;0;0;0;0;0;0;0;0;0;0;0
Release E;IV Antibiotics;0;0;0;0;0;0;0;0;0;0;0;0;0;0;0;0;0;0;0;0;0;0;0;0;0;0;0;0;0;0;0;0;0;0;0;0;0;0;0;0;0;0;0;0;0;0;0;0;0;0;0;0;0;0;0;0;0;0;0;0;0;0;0;0;0;0;0;0;0;0;0;0;0;0;0;0;0;0;0;0;0;0;0;0;0;0;0;0;0;0;0;0;0;0;0;0;0;0;0;0
Release E;Admission NC;0;0;0;0;0;0;0;0;0;0;0;0;0;0;0;0;0;0;0;0;0;0;0;0;0;0;0;0;0;0;0;0;0;0;0;0;0;0;0;0;0;0;0;0;0;0;0;0;0;0;0;0;0;0;0;0;0;0;0;0;0;0;0;0;0;0;0;0;0;0;0;0;0;0;0;0;0;0;0;0;0;0;0;0;0;0;0;0;0;0;0;0;0;0;0;0;0;0;0;0
Release E;Release A;0;0;0;0;0;0;0;0;0;0;0;0;0;0;0;0;0;0;0;0;0;0;0;0;0;0;0;0;0;0;0;0;0;0;0;0;0;0;0;0;0;0;0;0;0;0;0;0;0;0;0;0;0;0;0;0;0;0;0;0;0;0;0;0;0;0;0;0;0;0;0;0;0;0;0;0;0;0;0;0;0;0;0;0;0;0;0;0;0;0;0;0;0;0;0;0;0;0;0;0
Release E;Return ER;0;0;0;0;0;0;0;0;0;0;0;0;0;0;0;0;0;0;0;0;0;0;0;0;0;0;0;0;0;0;0;0;0;0;0;0;0;0;0;0;0;0;0;0;0;0;0;0;0;0;0;0;0;0;0;0;0;0;0;0;0;0;0;0;0;0;0;0;0;0;0;0;0;0;0;0;0;0;0;0;0;0;0;0;0;0;0;0;0;0;0;0;0;0;0;0;0;0;0;0
Release E;Admission IC;0;0;0;0;0;0;0;0;0;0;0;0;0;0;0;0;0;0;0;0;0;0;0;0;0;0;0;0;0;0;0;0;0;0;0;0;0;0;0;0;0;0;0;0;0;0;0;0;0;0;0;0;0;0;0;0;0;0;0;0;0;0;0;0;0;0;0;0;0;0;0;0;0;0;0;0;0;0;0;0;0;0;0;0;0;0;0;0;0;0;0;0;0;0;0;0;0;0;0;0
Release E;Release B;0;0;0;0;0;0;0;0;0;0;0;0;0;0;0;0;0;0;0;0;0;0;0;0;0;0;0;0;0;0;0;0;0;0;0;0;0;0;0;0;0;0;0;0;0;0;0;0;0;0;0;0;0;0;0;0;0;0;0;0;0;0;0;0;0;0;0;0;0;0;0;0;0;0;0;0;0;0;0;0;0;0;0;0;0;0;0;0;0;0;0;0;0;0;0;0;0;0;0;0
Release E;Release C;0;0;0;0;0;0;0;0;0;0;0;0;0;0;0;0;0;0;0;0;0;0;0;0;0;0;0;0;0;0;0;0;0;0;0;0;0;0;0;0;0;0;0;0;0;0;0;0;0;0;0;0;0;0;0;0;0;0;0;0;0;0;0;0;0;0;0;0;0;0;0;0;0;0;0;0;0;0;0;0;0;0;0;0;0;0;0;0;0;0;0;0;0;0;0;0;0;0;0;0
Release E;Release D;0;0;0;0;0;0;0;0;0;0;0;0;0;0;0;0;0;0;0;0;0;0;0;0;0;0;0;0;0;0;0;0;0;0;0;0;0;0;0;0;0;0;0;0;0;0;0;0;0;0;0;0;0;0;0;0;0;0;0;0;0;0;0;0;0;0;0;0;0;0;0;0;0;0;0;0;0;0;0;0;0;0;0;0;0;0;0;0;0;0;0;0;0;0;0;0;0;0;0;0
Release E;Release E;0;0;0;0;0;0;0;0;0;0;0;0;0;0;0;0;0;0;0;0;0;0;0;0;0;0;0;0;0;0;0;0;0;0;0;0;0;0;0;0;0;0;0;0;0;0;0;0;0;0;0;0;0;0;0;0;0;0;0;0;0;0;0;0;0;0;0;0;0;0;0;0;0;0;0;0;0;0;0;0;0;0;0;0;0;0;0;0;0;0;0;0;0;0;0;0;0;0;0;0
Release E;start;0;0;0;0;0;0;0;0;0;0;0;0;0;0;0;0;0;0;0;0;0;0;0;0;0;0;0;0;0;0;0;0;0;0;0;0;0;0;0;0;0;0;0;0;0;0;0;0;0;0;0;0;0;0;0;0;0;0;0;0;0;0;0;0;0;0;0;0;0;0;0;0;0;0;0;0;0;0;0;0;0;0;0;0;0;0;0;0;0;0;0;0;0;0;0;0;0;0;0;0
Release E;end;1;1;1;1;1;1;1;1;1;1;1;1;1;1;1;11;1;1;1;1;1;1;1;1;1;1;1;1;1;1;1;1;1;1;1;1;1;1;1;1;1;11;1;1;1;1;1;1;1;1;1;1;1;1;1;1;1;1;1;1;1;1;1;1;1;1;1;1;11;1;1;1;1;11;1;1;1;1;1;1;1;1;1;1;1;1;1;1;1;1;1;1;1;1;1;1;1;1;1;1
start;ER Registration;3;5;5;4;5;3;5;5;5;4;6;3;5;3;4;6;5;8;8;9;8;10;6;6;7;8;10;5;7;5;11;11;9;7;9;7;9;5;5;6;8;6;4;6;6;7;7;7;5;6;9;7;5;8;8;6;2;8;10;9;5;7;10;6;7;5;7;7;5;5;5;5;3;4;5;5;4;5;4;4;3;3;2;1;1;1;1;1;1;1;1;1;1;1;1;1;1;1;1;1
start;Leucocytes;1;1;2;2;2;4;1;3;1;2;1;1;2;3;2;3;2;6;5;5;6;6;5;6;4;5;7;9;3;7;2;8;9;7;5;5;4;3;6;4;7;10;4;3;4;2;7;11;6;5;9;6;7;9;4;4;6;3;4;7;4;4;3;5;7;8;2;2;5;5;2;2;2;1;1;3;5;3;6;3;2;3;2;1;1;1;1;1;1;1;1;1;1;1;1;1;1;1;1;1
start;CRP;1;2;4;2;3;3;4;3;1;8;6;7;4;6;1;1;3;4;5;3;6;5;7;3;3;6;6;9;7;7;4;7;5;8;5;8;6;7;3;6;5;4;4;6;2;5;4;5;8;4;3;9;7;5;6;11;6;4;8;4;7;4;7;5;6;5;2;5;3;5;5;2;6;5;3;3;2;3;4;5;1;2;1;1;1;1;1;1;1;1;1;1;1;1;1;1;1;1;1;1
start;LacticAcid;1;1;1;1;1;1;1;1;6;1;1;1;1;1;1;1;1;1;1;6;1;1;1;1;1;1;1;1;1;1;1;6;1;1;1;6;1;6;6;6;6;1;1;1;1;1;1;1;1;1;1;11;1;1;1;6;6;6;1;1;1;1;6;6;6;6;1;1;1;1;1;1;1;1;1;1;1;1;1;1;6;1;1;1;1;1;1;1;1;1;1;1;1;1;1;1;1;1;1;1
start;ER Triage;1;1;1;1;1;11;1;1;1;1;1;1;1;1;1;1;1;1;1;1;1;1;1;11;1;1;11;1;11;1;1;1;11;1;1;1;1;1;1;1;1;1;1;1;1;1;1;1;11;1;1;1;11;1;11;1;1;1;1;1;1;1;1;1;11;1;1;1;1;1;1;1;1;1;1;1;1;1;1;1;1;1;1;1;1;1;1;1;1;1;1;1;1;1;1;1;1;1;1;1
start;ER Sepsis Triage;1;1;1;11;1;1;1;1;1;1;1;1;1;1;1;11;1;1;1;11;1;1;1;1;11;1;1;1;1;1;1;1;1;1;1;1;11;1;1;1;1;1;1;1;1;1;1;1;11;1;1;11;1;1;1;1;1;1;1;1;1;1;1;11;1;1;1;1;1;1;1;1;1;1;1;1;1;1;1;1;1;1;1;1;1;1;1;1;1;1;1;1;1;1;1;1;1;1;1;1
start;IV Liquid;1;1;1;11;1;1;1;1;1;1;1;1;1;6;1;1;1;1;1;6;6;1;6;1;1;1;1;6;1;6;1;6;1;1;1;1;1;1;1;6;6;1;6;1;1;1;1;1;6;6;6;1;6;1;1;6;6;1;6;11;6;6;1;1;1;1;1;11;6;1;1;1;6;1;6;1;1;1;1;1;1;1;1;1;1;1;1;1;1;1;1;1;1;1;1;1;1;1;1;1
start;IV Antibiotics;1;1;1;1;1;1;1;1;1;1;1;1;1;1;1;1;1;1;1;1;1;1;1;1;1;1;1;1;1;1;1;1;1;1;1;1;1;1;11;1;1;1;1;1;1;1;11;1;1;1;1;11;1;1;1;1;1;1;11;1;1;1;1;1;1;1;1;1;1;1;1;1;1;1;1;1;1;1;1;1;1;1;1;1;1;1;1;1;1;1;1;1;1;1;1;1;1;1;1;1
start;Admission NC;1;1;1;1;1;1;1;1;2;1;1;2;2;1;2;2;2;1;1;1;6;2;2;1;4;1;4;4;2;1;4;1;1;1;1;1;1;1;2;1;1;1;2;2;4;1;2;1;1;1;2;2;4;1;1;1;1;1;4;1;2;1;6;6;11;1;2;1;1;1;1;1;2;1;1;1;2;1;2;1;2;2;1;1;1;1;1;1;1;1;1;1;1;1;1;1;1;1;1;1
start;Release A;1;1;1;1;1;1;1;1;1;1;1;1;1;6;1;6;1;1;1;1;6;6;6;6;1;1;1;1;6;6;1;1;1;1;1;1;1;1;1;6;1;1;1;1;1;1;1;1;6;1;11;1;1;6;1;1;6;1;1;6;1;1;1;6;1;1;1;1;1;1;1;1;1;1;1;1;1;1;1;6;1;6;1;1;1;1;1;1;1;1;1;1;1;1;1;1;1;1;1;1
start;Return ER;0;0;0;0;0;0;0;0;0;0;0;0;0;0;0;0;0;0;0;0;0;0;0;0;0;0;0;0;0;0;0;0;0;0;0;0;0;0;0;0;0;0;0;0;0;0;0;0;0;0;0;0;0;0;0;0;0;0;0;0;0;0;0;0;0;0;0;0;0;0;0;0;0;0;0;0;0;0;0;0;0;0;0;0;0;0;0;0;0;0;0;0;0;0;0;0;0;0;0;0
start;Admission IC;1;1;1;1;1;1;1;1;1;1;1;1;1;1;1;1;1;1;1;1;1;1;1;1;1;1;1;1;1;1;1;1;1;1;1;1;1;1;1;1;1;1;1;1;1;1;1;1;1;1;1;1;1;1;1;1;1;1;1;1;6;1;1;1;1;1;1;11;1;1;1;1;1;1;1;1;1;1;1;1;6;1;1;1;1;1;1;1;1;1;1;1;1;1;1;1;1;1;1;1
start;Release B;0;0;0;0;0;0;0;0;0;0;0;0;0;0;0;0;0;0;0;0;0;0;0;0;0;0;0;0;0;0;0;0;0;0;0;0;0;0;0;0;0;0;0;0;0;0;0;0;0;0;0;0;0;0;0;0;0;0;0;0;0;0;0;0;0;0;0;0;0;0;0;0;0;0;0;0;0;0;0;0;0;0;0;0;0;0;0;0;0;0;0;0;0;0;0;0;0;0;0;0
start;Release C;0;0;0;0;0;0;0;0;0;0;0;0;0;0;0;0;0;0;0;0;0;0;0;0;0;0;0;0;0;0;0;0;0;0;0;0;0;0;0;0;0;0;0;0;0;0;0;0;0;0;0;0;0;0;0;0;0;0;0;0;0;0;0;0;0;0;0;0;0;0;0;0;0;0;0;0;0;0;0;0;0;0;0;0;0;0;0;0;0;0;0;0;0;0;0;0;0;0;0;0
start;Release D;0;0;0;0;0;0;0;0;0;0;0;0;0;0;0;0;0;0;0;0;0;0;0;0;0;0;0;0;0;0;0;0;0;0;0;0;0;0;0;0;0;0;0;0;0;0;0;0;0;0;0;0;0;0;0;0;0;0;0;0;0;0;0;0;0;0;0;0;0;0;0;0;0;0;0;0;0;0;0;0;0;0;0;0;0;0;0;0;0;0;0;0;0;0;0;0;0;0;0;0
start;Release E;0;0;0;0;0;0;0;0;0;0;0;0;0;0;0;0;0;0;0;0;0;0;0;0;0;0;0;0;0;0;0;0;0;0;0;0;0;0;0;0;0;0;0;0;0;0;0;0;0;0;0;0;0;0;0;0;0;0;0;0;0;0;0;0;0;0;0;0;0;0;0;0;0;0;0;0;0;0;0;0;0;0;0;0;0;0;0;0;0;0;0;0;0;0;0;0;0;0;0;0
start;start;0;0;0;0;0;0;0;0;0;0;0;0;0;0;0;0;0;0;0;0;0;0;0;0;0;0;0;0;0;0;0;0;0;0;0;0;0;0;0;0;0;0;0;0;0;0;0;0;0;0;0;0;0;0;0;0;0;0;0;0;0;0;0;0;0;0;0;0;0;0;0;0;0;0;0;0;0;0;0;0;0;0;0;0;0;0;0;0;0;0;0;0;0;0;0;0;0;0;0;0
start;end;0;0;0;0;0;0;0;0;0;0;0;0;0;0;0;0;0;0;0;0;0;0;0;0;0;0;0;0;0;0;0;0;0;0;0;0;0;0;0;0;0;0;0;0;0;0;0;0;0;0;0;0;0;0;0;0;0;0;0;0;0;0;0;0;0;0;0;0;0;0;0;0;0;0;0;0;0;0;0;0;0;0;0;0;0;0;0;0;0;0;0;0;0;0;0;0;0;0;0;0
end;ER Registration;0;0;0;0;0;0;0;0;0;0;0;0;0;0;0;0;0;0;0;0;0;0;0;0;0;0;0;0;0;0;0;0;0;0;0;0;0;0;0;0;0;0;0;0;0;0;0;0;0;0;0;0;0;0;0;0;0;0;0;0;0;0;0;0;0;0;0;0;0;0;0;0;0;0;0;0;0;0;0;0;0;0;0;0;0;0;0;0;0;0;0;0;0;0;0;0;0;0;0;0
end;Leucocytes;0;0;0;0;0;0;0;0;0;0;0;0;0;0;0;0;0;0;0;0;0;0;0;0;0;0;0;0;0;0;0;0;0;0;0;0;0;0;0;0;0;0;0;0;0;0;0;0;0;0;0;0;0;0;0;0;0;0;0;0;0;0;0;0;0;0;0;0;0;0;0;0;0;0;0;0;0;0;0;0;0;0;0;0;0;0;0;0;0;0;0;0;0;0;0;0;0;0;0;0
end;CRP;0;0;0;0;0;0;0;0;0;0;0;0;0;0;0;0;0;0;0;0;0;0;0;0;0;0;0;0;0;0;0;0;0;0;0;0;0;0;0;0;0;0;0;0;0;0;0;0;0;0;0;0;0;0;0;0;0;0;0;0;0;0;0;0;0;0;0;0;0;0;0;0;0;0;0;0;0;0;0;0;0;0;0;0;0;0;0;0;0;0;0;0;0;0;0;0;0;0;0;0
end;LacticAcid;0;0;0;0;0;0;0;0;0;0;0;0;0;0;0;0;0;0;0;0;0;0;0;0;0;0;0;0;0;0;0;0;0;0;0;0;0;0;0;0;0;0;0;0;0;0;0;0;0;0;0;0;0;0;0;0;0;0;0;0;0;0;0;0;0;0;0;0;0;0;0;0;0;0;0;0;0;0;0;0;0;0;0;0;0;0;0;0;0;0;0;0;0;0;0;0;0;0;0;0
end;ER Triage;0;0;0;0;0;0;0;0;0;0;0;0;0;0;0;0;0;0;0;0;0;0;0;0;0;0;0;0;0;0;0;0;0;0;0;0;0;0;0;0;0;0;0;0;0;0;0;0;0;0;0;0;0;0;0;0;0;0;0;0;0;0;0;0;0;0;0;0;0;0;0;0;0;0;0;0;0;0;0;0;0;0;0;0;0;0;0;0;0;0;0;0;0;0;0;0;0;0;0;0
end;ER Sepsis Triage;0;0;0;0;0;0;0;0;0;0;0;0;0;0;0;0;0;0;0;0;0;0;0;0;0;0;0;0;0;0;0;0;0;0;0;0;0;0;0;0;0;0;0;0;0;0;0;0;0;0;0;0;0;0;0;0;0;0;0;0;0;0;0;0;0;0;0;0;0;0;0;0;0;0;0;0;0;0;0;0;0;0;0;0;0;0;0;0;0;0;0;0;0;0;0;0;0;0;0;0
end;IV Liquid;0;0;0;0;0;0;0;0;0;0;0;0;0;0;0;0;0;0;0;0;0;0;0;0;0;0;0;0;0;0;0;0;0;0;0;0;0;0;0;0;0;0;0;0;0;0;0;0;0;0;0;0;0;0;0;0;0;0;0;0;0;0;0;0;0;0;0;0;0;0;0;0;0;0;0;0;0;0;0;0;0;0;0;0;0;0;0;0;0;0;0;0;0;0;0;0;0;0;0;0
end;IV Antibiotics;0;0;0;0;0;0;0;0;0;0;0;0;0;0;0;0;0;0;0;0;0;0;0;0;0;0;0;0;0;0;0;0;0;0;0;0;0;0;0;0;0;0;0;0;0;0;0;0;0;0;0;0;0;0;0;0;0;0;0;0;0;0;0;0;0;0;0;0;0;0;0;0;0;0;0;0;0;0;0;0;0;0;0;0;0;0;0;0;0;0;0;0;0;0;0;0;0;0;0;0
end;Admission NC;0;0;0;0;0;0;0;0;0;0;0;0;0;0;0;0;0;0;0;0;0;0;0;0;0;0;0;0;0;0;0;0;0;0;0;0;0;0;0;0;0;0;0;0;0;0;0;0;0;0;0;0;0;0;0;0;0;0;0;0;0;0;0;0;0;0;0;0;0;0;0;0;0;0;0;0;0;0;0;0;0;0;0;0;0;0;0;0;0;0;0;0;0;0;0;0;0;0;0;0
end;Release A;0;0;0;0;0;0;0;0;0;0;0;0;0;0;0;0;0;0;0;0;0;0;0;0;0;0;0;0;0;0;0;0;0;0;0;0;0;0;0;0;0;0;0;0;0;0;0;0;0;0;0;0;0;0;0;0;0;0;0;0;0;0;0;0;0;0;0;0;0;0;0;0;0;0;0;0;0;0;0;0;0;0;0;0;0;0;0;0;0;0;0;0;0;0;0;0;0;0;0;0
end;Return ER;0;0;0;0;0;0;0;0;0;0;0;0;0;0;0;0;0;0;0;0;0;0;0;0;0;0;0;0;0;0;0;0;0;0;0;0;0;0;0;0;0;0;0;0;0;0;0;0;0;0;0;0;0;0;0;0;0;0;0;0;0;0;0;0;0;0;0;0;0;0;0;0;0;0;0;0;0;0;0;0;0;0;0;0;0;0;0;0;0;0;0;0;0;0;0;0;0;0;0;0
end;Admission IC;0;0;0;0;0;0;0;0;0;0;0;0;0;0;0;0;0;0;0;0;0;0;0;0;0;0;0;0;0;0;0;0;0;0;0;0;0;0;0;0;0;0;0;0;0;0;0;0;0;0;0;0;0;0;0;0;0;0;0;0;0;0;0;0;0;0;0;0;0;0;0;0;0;0;0;0;0;0;0;0;0;0;0;0;0;0;0;0;0;0;0;0;0;0;0;0;0;0;0;0
end;Release B;0;0;0;0;0;0;0;0;0;0;0;0;0;0;0;0;0;0;0;0;0;0;0;0;0;0;0;0;0;0;0;0;0;0;0;0;0;0;0;0;0;0;0;0;0;0;0;0;0;0;0;0;0;0;0;0;0;0;0;0;0;0;0;0;0;0;0;0;0;0;0;0;0;0;0;0;0;0;0;0;0;0;0;0;0;0;0;0;0;0;0;0;0;0;0;0;0;0;0;0
end;Release C;0;0;0;0;0;0;0;0;0;0;0;0;0;0;0;0;0;0;0;0;0;0;0;0;0;0;0;0;0;0;0;0;0;0;0;0;0;0;0;0;0;0;0;0;0;0;0;0;0;0;0;0;0;0;0;0;0;0;0;0;0;0;0;0;0;0;0;0;0;0;0;0;0;0;0;0;0;0;0;0;0;0;0;0;0;0;0;0;0;0;0;0;0;0;0;0;0;0;0;0
end;Release D;0;0;0;0;0;0;0;0;0;0;0;0;0;0;0;0;0;0;0;0;0;0;0;0;0;0;0;0;0;0;0;0;0;0;0;0;0;0;0;0;0;0;0;0;0;0;0;0;0;0;0;0;0;0;0;0;0;0;0;0;0;0;0;0;0;0;0;0;0;0;0;0;0;0;0;0;0;0;0;0;0;0;0;0;0;0;0;0;0;0;0;0;0;0;0;0;0;0;0;0
end;Release E;0;0;0;0;0;0;0;0;0;0;0;0;0;0;0;0;0;0;0;0;0;0;0;0;0;0;0;0;0;0;0;0;0;0;0;0;0;0;0;0;0;0;0;0;0;0;0;0;0;0;0;0;0;0;0;0;0;0;0;0;0;0;0;0;0;0;0;0;0;0;0;0;0;0;0;0;0;0;0;0;0;0;0;0;0;0;0;0;0;0;0;0;0;0;0;0;0;0;0;0
end;start;0;0;0;0;0;0;0;0;0;0;0;0;0;0;0;0;0;0;0;0;0;0;0;0;0;0;0;0;0;0;0;0;0;0;0;0;0;0;0;0;0;0;0;0;0;0;0;0;0;0;0;0;0;0;0;0;0;0;0;0;0;0;0;0;0;0;0;0;0;0;0;0;0;0;0;0;0;0;0;0;0;0;0;0;0;0;0;0;0;0;0;0;0;0;0;0;0;0;0;0
end;end;0;0;0;0;0;0;0;0;0;0;0;0;0;0;0;0;0;0;0;0;0;0;0;0;0;0;0;0;0;0;0;0;0;0;0;0;0;0;0;0;0;0;0;0;0;0;0;0;0;0;0;0;0;0;0;0;0;0;0;0;0;0;0;0;0;0;0;0;0;0;0;0;0;0;0;0;0;0;0;0;0;0;0;0;0;0;0;0;0;0;0;0;0;0;0;0;0;0;0;0